difficulty_level,problem,alt1,alt2,alt3,answer,original_word,batch,num_workers,num_correct,mean_RT
6,S9?ND9RD,A,E,I,alt1,STANDARD,1,43,25,4.7747
3,B9?UTY,A,E,I,alt1,BEAUTY,1,43,35,3.7543
1,US?GE,A,E,I,alt1,USAGE,1,43,41,3.551
7,M9?SU9ED,A,E,I,alt1,MEASURED,1,43,19,4.948
3,I9?GINE,A,E,I,alt1,IMAGINE,1,43,36,3.7637
1,B9?ZI9IAN,A,E,I,alt1,BRAZILIAN,1,43,40,3.7909
1,GU?M,A,E,I,alt1,GUAM,1,43,40,3.7044
5,C9?RKE,A,E,I,alt1,CLARKE,1,43,27,4.5124
7,I9?LIA,A,E,I,alt1,ITALIA,1,43,19,4.8886
5,E9?SP9RA9ION,A,E,I,alt1,EXASPERATION,1,43,28,4.643
7,E9?NTS,A,E,I,alt2,EVENTS,1,43,15,4.7486
7,S9?CI9IC9LLY,A,E,I,alt2,SPECIFICALLY,1,43,10,5.3179
6,S9?CI9LTY,A,E,I,alt2,SPECIALTY,1,43,21,5.0207
2,OM?GA,A,E,I,alt2,OMEGA,1,43,39,3.619
3,C9?AT9VITY,A,E,I,alt2,CREATIVITY,1,43,34,4.1306
7,S9?CI9ICS,A,E,I,alt2,SPECIFICS,1,43,13,4.9857
6,F9?EL9NCE,A,E,I,alt2,FREELANCE,1,43,20,4.5565
4,G9?EN9ICH,A,E,I,alt2,GREENWICH,1,43,31,4.5685
3,E9?RG9EEN,A,E,I,alt2,EVERGREEN,1,43,36,4.1907
4,C9?AMY,A,E,I,alt2,CREAMY,1,43,33,4.3931
1,ED?T,A,E,I,alt3,EDIT,1,43,41,3.5639
7,C9?TE9IA,A,E,I,alt3,CRITERIA,1,43,8,5.1364
7,I9?TI9TI9ES,A,E,I,alt3,INITIATIVES,1,43,10,4.888
1,B9?DAL,A,E,I,alt3,BRIDAL,1,43,41,4.0879
1,S9?SS9RS,A,E,I,alt3,SCISSORS,1,43,42,3.943
7,P9?ES9LY,A,E,I,alt3,PRIESTLY,1,43,13,5.2525
5,T9?BU9AT9ON,A,E,I,alt3,TRIBULATION,1,43,29,4.653
5,E9?SC9PAL,A,E,I,alt3,EPISCOPAL,1,43,27,4.7386
7,P9?SS9NT,A,E,I,alt3,PUISSANT,1,43,6,4.8578
7,P9?LE9ON,A,E,I,alt3,PHILEMON,1,43,9,5.0295
6,M9?TI9NED,N,R,T,alt1,MENTIONED,1,43,22,5.0782
1,VI?YL,N,R,T,alt1,VINYL,1,43,40,3.6395
4,IN?S,N,R,T,alt1,INNS,1,43,30,4.3832
1,SY?C,N,R,T,alt1,SYNC,1,43,41,3.5809
1,U9?EC9SS9RY,N,R,T,alt1,UNNECESSARY,1,43,41,3.6361
1,G9?TL9MAN,N,R,T,alt1,GENTLEMAN,1,43,40,3.752
7,S9?IT9RY,N,R,T,alt1,SANITARY,1,43,17,4.7491
1,C9?DE9ELLA,N,R,T,alt1,CINDERELLA,1,43,42,3.7209
1,S9?ONYM,N,R,T,alt1,SYNONYM,1,43,41,3.7194
6,T9?AC9OU9LY,N,R,T,alt1,TENACIOUSLY,1,43,23,4.16
3,W9?RA9TY,N,R,T,alt2,WARRANTY,1,43,36,3.7788
1,H9?IT9GE,N,R,T,alt2,HERITAGE,1,43,41,3.6387
3,M9?TG9GES,N,R,T,alt2,MORTGAGES,1,43,36,3.7978
1,N9?SERY,N,R,T,alt2,NURSERY,1,43,43,3.8356
1,W9?RIOR,N,R,T,alt2,WARRIOR,1,43,42,3.6237
1,B9?MUDA,N,R,T,alt2,BERMUDA,1,43,42,3.5132
1,HE?B,N,R,T,alt2,HERB,1,43,41,3.5675
2,H9?ETIC,N,R,T,alt2,HERETIC,1,43,39,3.7915
3,V9?DANT,N,R,T,alt2,VERDANT,1,43,33,4.0215
7,I9?IT9TE,N,R,T,alt2,IRRITATE,1,43,17,5.2093
2,M9?RIX,N,R,T,alt3,MATRIX,1,43,37,3.7947
5,N9?ICES,N,R,T,alt3,NOTICES,1,43,27,4.9769
1,M9?OR9YCLE,N,R,T,alt3,MOTORCYCLE,1,43,40,3.5173
7,A9?EM9TING,N,R,T,alt3,ATTEMPTING,1,43,7,5.5859
6,A9?RIDE,N,R,T,alt3,ASTRIDE,1,43,22,5.228
6,A9?UTE,N,R,T,alt3,ASTUTE,1,43,22,4.9258
6,F9?HE9LAND,N,R,T,alt3,FATHERLAND,1,43,23,4.952
6,B9?ANY,N,R,T,alt3,BOTANY,1,43,20,4.1796
7,W9?CH9ORD,N,R,T,alt3,WATCHWORD,1,43,10,5.2092
5,T9?ULAR,N,R,T,alt3,TITULAR,1,43,25,4.4181
1,PL?N,A,E,I,alt1,PLAN,2,49,49,3.5036
4,L9?BI9ITY,A,E,I,alt1,LIABILITY,2,49,34,4.408
1,W9?PONS,A,E,I,alt1,WEAPONS,2,49,47,3.5088
2,G9?SGOW,A,E,I,alt1,GLASGOW,2,49,43,3.9969
3,S9?TU9ORY,A,E,I,alt1,STATUTORY,2,49,42,4.1292
1,P9?YBOY,A,E,I,alt1,PLAYBOY,2,49,48,3.5853
3,S9?RL9GHT,A,E,I,alt1,STARLIGHT,2,49,43,4.247
2,E9?GG9RATE,A,E,I,alt1,EXAGGERATE,2,49,44,3.8819
2,H9?DS9RONG,A,E,I,alt1,HEADSTRONG,2,49,43,3.8249
3,I9?UD9BLE,A,E,I,alt1,INAUDIBLE,2,49,42,4.0461
5,E9?MENT,A,E,I,alt2,ELEMENT,2,49,33,4.3382
6,S9?CI9LS,A,E,I,alt2,SPECIALS,2,49,23,5.0374
7,S9?CI9LIST,A,E,I,alt2,SPECIALIST,2,49,22,5.005
3,TR?K,A,E,I,alt2,TREK,2,49,39,3.8166
3,T9?AS9RER,A,E,I,alt2,TREASURER,2,49,40,4.5492
3,E9?RNAL,A,E,I,alt2,ETERNAL,2,49,40,4.1457
4,C9?AR9NG,A,E,I,alt2,CLEARING,2,49,36,4.6796
5,S9?AL9HY,A,E,I,alt2,STEALTHY,2,49,31,4.654
7,A9?YA9CE,A,E,I,alt2,ABEYANCE,2,49,7,5.987
7,E9?CR9TION,A,E,I,alt2,EXECRATION,2,49,20,5.1866
1,P9?VACY,A,E,I,alt3,PRIVACY,2,49,45,3.6378
1,OH?O,A,E,I,alt3,OHIO,2,49,47,3.5215
4,J9?NING,A,E,I,alt3,JOINING,2,49,34,4.2482
3,S9?ELD,A,E,I,alt3,SHIELD,2,49,43,4.1481
1,TW?G,A,E,I,alt3,TWIG,2,49,48,3.4208
2,S9?ZURE,A,E,I,alt3,SEIZURE,2,49,41,3.6792
4,F9?GH9EN9NG,A,E,I,alt3,FRIGHTENING,2,49,35,4.0173
3,I9?TA9IVE,A,E,I,alt3,IMITATIVE,2,49,40,4.3537
5,F9?VO9ITY,A,E,I,alt3,FRIVOLITY,2,49,29,4.5085
6,BA?RN,A,E,I,alt3,BAIRN,2,49,28,5.1724
1,J9?UARY,N,R,T,alt1,JANUARY,2,49,49,3.6698
1,A9?OU9CE9ENTS,N,R,T,alt1,ANNOUNCEMENTS,2,49,48,3.7096
6,F9?GE9ING,N,R,T,alt1,FINGERING,2,49,23,4.7978
2,R9?AI9SA9CE,N,R,T,alt1,RENAISSANCE,2,49,45,3.8358
1,H9?EY9OON,N,R,T,alt1,HONEYMOON,2,49,47,3.6912
5,H9?CE9OR9ARD,N,R,T,alt1,HENCEFORWARD,2,49,31,4.7054
7,I9?IAN,N,R,T,alt1,IONIAN,2,49,15,5.3023
1,W9?DM9LL,N,R,T,alt1,WINDMILL,2,49,48,3.7065
2,M9?IF9STO,N,R,T,alt1,MANIFESTO,2,49,45,3.8381
5,N9?NERY,N,R,T,alt1,NUNNERY,2,49,33,4.6667
7,D9?EC9LY,N,R,T,alt2,DIRECTLY,2,49,23,5.3182
1,N9?TH9RN,N,R,T,alt2,NORTHERN,2,49,47,3.7916
2,C9?IB9EAN,N,R,T,alt2,CARIBBEAN,2,49,44,3.9298
3,T9?ROR,N,R,T,alt2,TERROR,2,49,42,3.9224
2,V9?TU9LLY,N,R,T,alt2,VIRTUALLY,2,49,45,3.8176
6,C9?ROLL,N,R,T,alt2,CARROLL,2,49,25,5.0782
3,N9?RA9IVE,N,R,T,alt2,NARRATIVE,2,49,38,3.9163
1,G9?BAGE,N,R,T,alt2,GARBAGE,2,49,49,3.4442
2,C9?DIAC,N,R,T,alt2,CARDIAC,2,49,45,3.9326
5,C9?INTH,N,R,T,alt2,CORINTH,2,49,34,4.5015
2,N9?IFY,N,R,T,alt3,NOTIFY,2,49,44,3.8836
5,D9?ER9IN9TION,N,R,T,alt3,DETERMINATION,2,49,30,4.7225
3,F9?URES,N,R,T,alt3,FUTURES,2,49,42,4.5863
2,U9?IDY,N,R,T,alt3,UNTIDY,2,49,44,4.1184
7,F9?CH9NG,N,R,T,alt3,FETCHING,2,49,21,5.1288
4,C9?ER9IL9AR,N,R,T,alt3,CATERPILLAR,2,49,33,4.0304
4,M9?AM9RP9OSIS,N,R,T,alt3,METAMORPHOSIS,2,49,35,4.2502
4,D9?RACT,N,R,T,alt3,DETRACT,2,49,40,4.9008
5,M9?IG9TION,N,R,T,alt3,MITIGATION,2,49,32,4.9263
1,TO?EM,N,R,T,alt3,TOTEM,2,49,48,3.5371
3,S9?TI9TICS,A,E,I,alt1,STATISTICS,3,50,43,4.3661
1,C9?SSIC,A,E,I,alt1,CLASSIC,3,50,49,3.6014
2,S9?SONS,A,E,I,alt1,SEASONS,3,50,44,3.8639
7,E9?MI9ED,A,E,I,alt1,EXAMINED,3,50,21,4.9082
5,S9?TIAL,A,E,I,alt1,SPATIAL,3,50,32,4.4838
2,Q9?NT9TA9IVE,A,E,I,alt1,QUANTITATIVE,3,50,42,3.6826
2,B9?CK9ERRY,A,E,I,alt1,BLACKBERRY,3,50,45,3.6535
2,T9?NK9GI9ING,A,E,I,alt1,THANKSGIVING,3,50,45,3.5773
4,L9?RN9RS,A,E,I,alt1,LEARNERS,3,50,38,4.0223
6,P9?NN9RS,A,E,I,alt1,PLANNERS,3,50,26,4.8803
1,T9?SDAY,A,E,I,alt2,TUESDAY,3,50,49,3.5315
1,E9?RG9NCY,A,E,I,alt2,EMERGENCY,3,50,50,3.5806
1,Q9?BEC,A,E,I,alt2,QUEBEC,3,50,49,3.5332
1,BE?F,A,E,I,alt2,BEEF,3,50,49,3.3927
6,S9?ADY,A,E,I,alt2,STEADY,3,50,25,5.0352
5,C9?CK9IST,A,E,I,alt2,CHECKLIST,3,50,32,4.1569
5,U9?AR9HLY,A,E,I,alt2,UNEARTHLY,3,50,32,4.3266
3,E9?ME9TAL,A,E,I,alt2,ELEMENTAL,3,50,40,4.0458
6,C9?AN9ING,A,E,I,alt2,CLEANSING,3,50,27,4.4878
1,U9?XP9AI9ED,A,E,I,alt2,UNEXPLAINED,3,50,48,3.7909
4,O9?NI9NS,A,E,I,alt3,OPINIONS,3,50,35,4.1634
1,E9?ZA9ETH,A,E,I,alt3,ELIZABETH,3,50,48,3.535
1,QU?Z,A,E,I,alt3,QUIZ,3,50,49,3.4105
1,B9?LL9ANT,A,E,I,alt3,BRILLIANT,3,50,48,3.5853
5,B9?TA9NICA,A,E,I,alt3,BRITANNICA,3,50,31,4.3532
1,SA?L,A,E,I,alt3,SAIL,3,50,47,3.7792
7,E9?GR9NT,A,E,I,alt3,EMIGRANT,3,50,13,4.7464
7,G9?MM9RED,A,E,I,alt3,GLIMMERED,3,50,17,4.4459
1,JU?CY,A,E,I,alt3,JUICY,3,50,49,3.4539
5,P9?VA9EER,A,E,I,alt3,PRIVATEER,3,50,33,4.2667
1,M9?UF9CT9RER,N,R,T,alt1,MANUFACTURER,3,50,46,3.7138
1,TI?Y,N,R,T,alt1,TINY,3,50,48,3.6601
1,S9?GL9SSES,N,R,T,alt1,SUNGLASSES,3,50,49,3.7687
1,B9?GL9DESH,N,R,T,alt1,BANGLADESH,3,50,48,3.6118
6,C9?GU9AR,N,R,T,alt1,CINGULAR,3,50,24,5.0359
5,D9?OU9CE,N,R,T,alt1,DENOUNCE,3,50,34,4.5882
5,O9?AM9NT9TION,N,R,T,alt1,ORNAMENTATION,3,50,31,4.3874
7,C9?NI9AL,N,R,T,alt1,CANNIBAL,3,50,14,4.9505
3,T9?KARD,N,R,T,alt1,TANKARD,3,50,39,4.1619
7,P9?IARD,N,R,T,alt1,PONIARD,3,50,13,5.2619
3,B9?TH9AY,N,R,T,alt2,BIRTHDAY,3,50,38,3.8965
7,A9?IC9LT9RAL,N,R,T,alt2,AGRICULTURAL,3,50,17,4.6595
6,A9?EE9ENTS,N,R,T,alt2,AGREEMENTS,3,50,29,4.7705
5,C9?IS9IA9ITY,N,R,T,alt2,CHRISTIANITY,3,50,27,4.0886
5,F9?NI9HI9GS,N,R,T,alt2,FURNISHINGS,3,50,31,4.7315
1,H9?IZON,N,R,T,alt2,HORIZON,3,50,49,3.6697
4,V9?IED,N,R,T,alt2,VARIED,3,50,35,4.4134
6,S9?UCE,N,R,T,alt2,SPRUCE,3,50,28,5.2014
2,M9?CE9ARY,N,R,T,alt2,MERCENARY,3,50,47,3.9508
5,H9?MES,N,R,T,alt2,HERMES,3,50,35,5.3586
7,L9?EST,N,R,T,alt3,LATEST,3,50,19,5.4858
3,M9?HOD,N,R,T,alt3,METHOD,3,50,42,4.1106
7,O9?AI9ING,N,R,T,alt3,OBTAINING,3,50,18,5.0587
2,A9?HR9TIS,N,R,T,alt3,ARTHRITIS,3,50,44,3.8422
6,A9?ERED,N,R,T,alt3,ALTERED,3,50,28,4.5985
4,M9?AL9IC,N,R,T,alt3,METALLIC,3,50,38,4.2054
6,R9?IOS,N,R,T,alt3,RATIOS,3,50,28,4.9017
2,M9?RI9ONY,N,R,T,alt3,MATRIMONY,3,50,44,3.9696
3,GO?HS,N,R,T,alt3,GOTHS,3,50,43,4.2533
4,A9?ER9HO9GHT,N,R,T,alt3,AFTERTHOUGHT,3,50,35,4.2629
2,N9?RLY,A,E,I,alt1,NEARLY,4,49,42,3.8942
1,P9?RM9CY,A,E,I,alt1,PHARMACY,4,49,46,3.6806
3,D9?WING,A,E,I,alt1,DRAWING,4,49,43,4.3941
4,M9?SU9EM9NTS,A,E,I,alt1,MEASUREMENTS,4,49,36,4.0022
1,W9?LTH,A,E,I,alt1,WEALTH,4,49,45,3.704
1,R9?LIZE,A,E,I,alt1,REALIZE,4,49,47,3.4506
6,S9?RE9OL9ERS,A,E,I,alt1,SHAREHOLDERS,4,49,26,5.0683
1,M9?NI9GFUL,A,E,I,alt1,MEANINGFUL,4,49,45,3.7089
1,R9?LTOR,A,E,I,alt1,REALTOR,4,49,47,3.5155
1,U9?UT9OR9ZED,A,E,I,alt1,UNAUTHORIZED,4,49,46,3.6795
1,E9?RGY,A,E,I,alt2,ENERGY,4,49,48,3.7194
4,I9?NT9FY,A,E,I,alt2,IDENTIFY,4,49,37,4.473
3,E9?CT9IC9TY,A,E,I,alt2,ELECTRICITY,4,49,42,4.1096
3,S9?WART,A,E,I,alt2,STEWART,4,49,41,3.8905
3,T9?SA9RUS,A,E,I,alt2,THESAURUS,4,49,42,3.9431
7,S9?EC9ES,A,E,I,alt2,SPEECHES,4,49,19,4.814
5,S9?NA9IOS,A,E,I,alt2,SCENARIOS,4,49,33,4.6728
2,E9?VA9OR,A,E,I,alt2,ELEVATOR,4,49,43,3.5665
1,Q9?ST9ONER,A,E,I,alt2,QUESTIONER,4,49,49,3.5668
5,D9?ADS,A,E,I,alt2,DREADS,4,49,34,4.8686
5,F9?EN9LY,A,E,I,alt3,FRIENDLY,4,49,32,4.6359
7,E9?TORS,A,E,I,alt3,EDITORS,4,49,19,4.6852
1,GR?P,A,E,I,alt3,GRIP,4,49,48,3.6293
5,M9?NL9ND,A,E,I,alt3,MAINLAND,4,49,34,4.5342
6,A9?MO9ITY,A,E,I,alt3,ANIMOSITY,4,49,24,4.5599
3,T9?NTED,A,E,I,alt3,TAINTED,4,49,39,4.1594
3,C9?NC9DE,A,E,I,alt3,COINCIDE,4,49,40,3.8708
6,C9?LLS,A,E,I,alt3,CHILLS,4,49,22,4.8226
6,T9?NGE,A,E,I,alt3,TWINGE,4,49,26,5.4654
1,G9?ERAL,N,R,T,alt1,GENERAL,4,49,46,3.518
1,F9?DA9EN9AL,N,R,T,alt1,FUNDAMENTAL,4,49,47,3.5663
2,R9?KI9GS,N,R,T,alt1,RANKINGS,4,49,43,4.0538
1,W9?DSOR,N,R,T,alt1,WINDSOR,4,49,47,3.8418
7,F9?AN9ES,N,R,T,alt1,FINANCES,4,49,17,4.4889
2,R9?AWAY,N,R,T,alt1,RUNAWAY,4,49,45,3.7747
3,H9?DR9DTH,N,R,T,alt1,HUNDREDTH,4,49,40,3.981
6,GE?II,N,R,T,alt1,GENII,4,49,25,4.6808
4,K9?SW9MAN,N,R,T,alt1,KINSWOMAN,4,49,38,4.9054
1,FU?GI,N,R,T,alt1,FUNGI,4,49,45,3.5431
2,M9?TG9GE,N,R,T,alt2,MORTGAGE,4,49,41,3.6473
1,V9?GIN,N,R,T,alt2,VIRGIN,4,49,49,3.6756
2,V9?SUS,N,R,T,alt2,VERSUS,4,49,42,3.7641
1,JU?Y,N,R,T,alt2,JURY,4,49,46,3.5874
1,H9?AS9MENT,N,R,T,alt2,HARASSMENT,4,49,47,3.7733
1,VE?BS,N,R,T,alt2,VERBS,4,49,49,3.493
1,W9?KI9GS,N,R,T,alt2,WORKINGS,4,49,46,3.9289
6,B9?RI9ADE,N,R,T,alt2,BARRICADE,4,49,22,4.6726
4,N9?CI9SUS,N,R,T,alt2,NARCISSUS,4,49,38,4.3477
3,P9?ACY,N,R,T,alt2,PIRACY,4,49,42,4.518
7,E9?IM9TES,N,R,T,alt3,ESTIMATES,4,49,16,5.1417
2,S9?IS9AC9ION,N,R,T,alt3,SATISFACTION,4,49,44,4.0445
7,D9?CH9AN,N,R,T,alt3,DUTCHMAN,4,49,16,5.0178
1,L9?TUCE,N,R,T,alt3,LETTUCE,4,49,47,3.5406
4,U9?OW9RD,N,R,T,alt3,UNTOWARD,4,49,37,4.8383
5,A9?IF9CERS,N,R,T,alt3,ARTIFICERS,4,49,31,5.0645
7,P9?HO9OG9CAL,N,R,T,alt3,PATHOLOGICAL,4,49,18,5.241
6,D9?IF9LLY,N,R,T,alt3,DUTIFULLY,4,49,24,4.5181
7,P9?RE9AC9ION,N,R,T,alt3,PUTREFACTION,4,49,22,5.239
7,T9?EL9RY,N,R,T,alt3,TUTELARY,4,49,9,5.5643
4,A9?INST,A,E,I,alt1,AGAINST,5,50,35,4.294
3,H9?DL9NES,A,E,I,alt1,HEADLINES,5,50,39,3.7789
3,G9?TE9ALA,A,E,I,alt1,GUATEMALA,5,50,39,3.9807
4,L9?BI9IT9ES,A,E,I,alt1,LIABILITIES,5,50,36,4.0535
5,I9?GI9AT9ON,A,E,I,alt1,IMAGINATION,5,50,32,4.4131
1,Q9?LI9IC9TION,A,E,I,alt1,QUALIFICATION,5,50,47,3.5964
3,S9?RTAN,A,E,I,alt1,SPARTAN,5,50,40,3.9835
1,F9?GILE,A,E,I,alt1,FRAGILE,5,50,48,3.4344
1,R9?DWAY,A,E,I,alt1,ROADWAY,5,50,49,3.6888
4,QU?IL,A,E,I,alt1,QUAIL,5,50,32,3.7997
6,T9?RE9ORE,A,E,I,alt2,THEREFORE,5,50,28,4.6644
3,C9?CK9UT,A,E,I,alt2,CHECKOUT,5,50,39,3.9613
5,T9?ATED,A,E,I,alt2,TREATED,5,50,34,4.7483
4,E9?VATE,A,E,I,alt2,ELEVATE,5,50,35,3.8939
4,B9?VITY,A,E,I,alt2,BREVITY,5,50,37,3.94
3,S9?EPLE,A,E,I,alt2,STEEPLE,5,50,40,4.0836
6,Q9?RU9OUS,A,E,I,alt2,QUERULOUS,5,50,24,4.4941
3,I9?FF9CI9NT,A,E,I,alt2,INEFFICIENT,5,50,42,4.2764
6,C9?SH9RE,A,E,I,alt2,CHESHIRE,5,50,24,4.6284
7,U9?FU9LY,A,E,I,alt2,USEFULLY,5,50,18,5.0558
3,G9?DA9CE,A,E,I,alt3,GUIDANCE,5,50,39,3.8681
3,L9?SURE,A,E,I,alt3,LEISURE,5,50,40,3.5652
1,P9?NC9SS,A,E,I,alt3,PRINCESS,5,50,47,3.5021
5,M9?NT9IN9NG,A,E,I,alt3,MAINTAINING,5,50,30,4.7471
2,C9?MB9NG,A,E,I,alt3,CLIMBING,5,50,46,3.7473
5,W9?LST,A,E,I,alt3,WHILST,5,50,29,4.4691
1,T9?UMPH,A,E,I,alt3,TRIUMPH,5,50,48,3.5334
1,A9?ST9CRAT,A,E,I,alt3,ARISTOCRAT,5,50,48,3.5598
7,R9?LL9RY,A,E,I,alt3,RAILLERY,5,50,11,4.9748
1,SK?M,A,E,I,alt3,SKIM,5,50,49,3.3273
1,ZO?E,N,R,T,alt1,ZONE,5,50,47,3.6149
4,C9?DI9ATE,N,R,T,alt1,CANDIDATE,5,50,34,3.912
1,F9?CT9ON9LITY,N,R,T,alt1,FUNCTIONALITY,5,50,49,3.532
1,HI?DU,N,R,T,alt1,HINDU,5,50,49,3.6781
2,B9?CH9ARK,N,R,T,alt1,BENCHMARK,5,50,44,3.8795
3,S9?SI9IL9TIES,N,R,T,alt1,SENSIBILITIES,5,50,42,4.2551
6,I9?ER9OST,N,R,T,alt1,INNERMOST,5,50,24,4.504
1,LU?AR,N,R,T,alt1,LUNAR,5,50,49,3.3026
1,M9?UM9NTAL,N,R,T,alt1,MONUMENTAL,5,50,48,3.7186
3,M9?IF9ST9NG,N,R,T,alt1,MANIFESTING,5,50,41,4.1424
1,FA?M,N,R,T,alt2,FARM,5,50,50,3.5986
6,E9?LIER,N,R,T,alt2,EARLIER,5,50,29,4.9533
5,P9?TI9NS,N,R,T,alt2,PORTIONS,5,50,34,4.7438
1,H9?MONE,N,R,T,alt2,HORMONE,5,50,48,3.5507
1,D9?WIN,N,R,T,alt2,DARWIN,5,50,48,3.6331
2,C9?NELL,N,R,T,alt2,CORNELL,5,50,45,4.2573
6,A9?IV9LS,N,R,T,alt2,ARRIVALS,5,50,23,4.3582
5,E9?ICH,N,R,T,alt2,ENRICH,5,50,31,4.1218
1,T9?TO9SE,N,R,T,alt2,TORTOISE,5,50,49,3.5275
1,P9?GA9ORY,N,R,T,alt2,PURGATORY,5,50,47,3.7426
4,P9?HON,N,R,T,alt3,PYTHON,5,50,37,4.4062
4,T9?OR9ALS,N,R,T,alt3,TUTORIALS,5,50,38,4.2855
2,N9?UR9LLY,N,R,T,alt3,NATURALLY,5,50,44,4.0336
4,A9?HMA,N,R,T,alt3,ASTHMA,5,50,40,4.578
4,N9?UR9LS,N,R,T,alt3,NATURALS,5,50,39,4.2505
6,N9?RO9EN,N,R,T,alt3,NITROGEN,5,50,28,4.5793
7,E9?IM9TION,N,R,T,alt3,ESTIMATION,5,50,7,5.6041
5,A9?IV9STS,N,R,T,alt3,ACTIVISTS,5,50,33,4.6248
7,P9?IA9LE,N,R,T,alt3,PITIABLE,5,50,16,5.0567
1,M9?HE9HOOD,N,R,T,alt3,MOTHERHOOD,5,50,47,3.5798
3,G9?RA9TEE,A,E,I,alt1,GUARANTEE,6,50,43,3.9711
2,G9?RA9TEED,A,E,I,alt1,GUARANTEED,6,50,45,3.9061
1,AL?RM,A,E,I,alt1,ALARM,6,50,50,3.5542
1,A9?LY9TS,A,E,I,alt1,ANALYSTS,6,50,46,3.7294
1,OV?L,A,E,I,alt1,OVAL,6,50,48,3.3952
1,G9?CIER,A,E,I,alt1,GLACIER,6,50,48,3.7326
5,D9?FE9ING,A,E,I,alt1,DEAFENING,6,50,31,4.5733
3,O9?QUE,A,E,I,alt1,OPAQUE,6,50,41,3.7876
7,V9?NDS,A,E,I,alt1,VIANDS,6,50,8,4.9139
2,D9?WB9IDGE,A,E,I,alt1,DRAWBRIDGE,6,50,44,3.6166
2,TR?E,A,E,I,alt2,TREE,6,50,44,4.0914
5,B9?AST,A,E,I,alt2,BREAST,6,50,30,4.1149
3,D9?AMS,A,E,I,alt2,DREAMS,6,50,41,3.8809
2,I9?NT9FY9NG,A,E,I,alt2,IDENTIFYING,6,50,43,3.6771
3,D9?PLY,A,E,I,alt2,DEEPLY,6,50,39,3.8278
4,Y9?LDS,A,E,I,alt2,YIELDS,6,50,34,3.5382
6,A9?RT9RE,A,E,I,alt2,APERTURE,6,50,22,4.1991
4,E9?MP9ARY,A,E,I,alt2,EXEMPLARY,6,50,35,4.464
6,T9?OR9TI9ALLY,A,E,I,alt2,THEORETICALLY,6,50,25,5.1284
3,R9?FUL,A,E,I,alt2,RUEFUL,6,50,39,3.9452
1,VO?CE,A,E,I,alt3,VOICE,6,50,49,3.4175
1,S9?TZ9RL9ND,A,E,I,alt3,SWITZERLAND,6,50,48,3.5948
4,S9?EN9ISTS,A,E,I,alt3,SCIENTISTS,6,50,37,3.9275
2,H9?GHTS,A,E,I,alt3,HEIGHTS,6,50,44,3.4414
6,A9?MA9ED,A,E,I,alt3,ANIMATED,6,50,23,4.4122
4,B9?SB9NE,A,E,I,alt3,BRISBANE,6,50,36,4.1347
7,E9?RA9ES,A,E,I,alt3,EMIRATES,6,50,17,4.6199
1,G9?EV9NG,A,E,I,alt3,GRIEVING,6,50,47,3.8918
6,S9?NS9ER,A,E,I,alt3,SPINSTER,6,50,27,4.7549
3,T9?POD,A,E,I,alt3,TRIPOD,6,50,38,3.6543
3,L9?GE9IE,N,R,T,alt1,LINGERIE,6,50,43,3.9357
1,S9?SI9IVE,N,R,T,alt1,SENSITIVE,6,50,47,3.6365
1,M9?TG9MERY,N,R,T,alt1,MONTGOMERY,6,50,48,3.6958
3,Z9?ING,N,R,T,alt1,ZONING,6,50,43,4.0482
2,H9?DR9NCE,N,R,T,alt1,HINDRANCE,6,50,46,3.9054
5,S9?AG9GUE,N,R,T,alt1,SYNAGOGUE,6,50,33,4.4743
1,T9?TA9IVE,N,R,T,alt1,TENTATIVE,6,50,48,3.7676
1,V9?GE9UL,N,R,T,alt1,VENGEFUL,6,50,48,3.4747
6,P9?TA9EUCH,N,R,T,alt1,PENTATEUCH,6,50,25,4.118
7,G9?YM9DE,N,R,T,alt1,GANYMEDE,6,50,22,4.8155
1,H9?DW9RE,N,R,T,alt2,HARDWARE,6,50,48,3.5675
2,C9?PO9AT9ON,N,R,T,alt2,CORPORATION,6,50,45,3.9229
1,M9?ROR,N,R,T,alt2,MIRROR,6,50,49,3.5694
2,B9?MI9GHAM,N,R,T,alt2,BIRMINGHAM,6,50,46,3.9024
4,C9?EM9NY,N,R,T,alt2,CEREMONY,6,50,37,4.3576
4,C9?CU9AR,N,R,T,alt2,CIRCULAR,6,50,35,4.387
1,H9?BOUR,N,R,T,alt2,HARBOUR,6,50,48,3.4639
4,A9?ANGE,N,R,T,alt2,ARRANGE,6,50,38,4.0757
5,V9?YING,N,R,T,alt2,VARYING,6,50,34,4.6559
4,P9?TR9YED,N,R,T,alt2,PORTRAYED,6,50,39,4.271
1,VO?E,N,R,T,alt3,VOTE,6,50,48,3.6449
7,A9?RA9TI9NS,N,R,T,alt3,ATTRACTIONS,6,50,19,4.7
6,A9?RI9UTE,N,R,T,alt3,ATTRIBUTE,6,50,24,4.787
4,L9?ER9CY,N,R,T,alt3,LITERACY,6,50,36,3.9589
1,A9?IF9CIAL,N,R,T,alt3,ARTIFICIAL,6,50,46,3.6317
2,V9?ER9NARY,N,R,T,alt3,VETERINARY,6,50,44,3.7182
3,P9?ER9BURG,N,R,T,alt3,PETERSBURG,6,50,40,4.1445
7,C9?AL9GS,N,R,T,alt3,CATALOGS,6,50,18,4.7222
5,U9?RIED,N,R,T,alt3,UNTRIED,6,50,30,4.4778
7,O9?RA9ISM,N,R,T,alt3,OSTRACISM,6,50,19,5.421
2,H9?LTH,A,E,I,alt1,HEALTH,7,49,44,3.5727
1,P9?CT9CE,A,E,I,alt1,PRACTICE,7,49,48,3.6212
5,C9?LI9ION,A,E,I,alt1,COALITION,7,49,34,4.7298
4,S9?TUTE,A,E,I,alt1,STATUTE,7,49,39,4.3737
2,P9?IRIE,A,E,I,alt1,PRAIRIE,7,49,41,3.5671
3,N9?GARA,A,E,I,alt1,NIAGARA,7,49,40,3.7994
1,GO?T,A,E,I,alt1,GOAT,7,49,48,3.5977
1,A9?LA9CHE,A,E,I,alt1,AVALANCHE,7,49,46,3.7273
4,S9?SO9ING,A,E,I,alt1,SEASONING,7,49,34,3.9491
1,YE?RN,A,E,I,alt1,YEARN,7,49,48,3.5229
1,W9?KEND,A,E,I,alt2,WEEKEND,7,49,48,3.6732
3,I9?NT9FIED,A,E,I,alt2,IDENTIFIED,7,49,39,3.9724
3,G9?ATLY,A,E,I,alt2,GREATLY,7,49,41,3.9571
4,T9?ATY,A,E,I,alt2,TREATY,7,49,37,4.4032
5,I9?NT9FIES,A,E,I,alt2,IDENTIFIES,7,49,32,4.4092
6,T9?RE9BO9TS,A,E,I,alt2,THEREABOUTS,7,49,24,4.8012
6,P9?BE9AN,A,E,I,alt2,PLEBEIAN,7,49,24,4.6333
5,E9?SI9HT,A,E,I,alt2,EYESIGHT,7,49,32,4.7467
1,U9?XP9ORED,A,E,I,alt2,UNEXPLORED,7,49,49,3.6095
3,E9?CT9IF9ED,A,E,I,alt2,ELECTRIFIED,7,49,38,3.9299
2,B9?DGE,A,E,I,alt3,BRIDGE,7,49,45,3.8376
1,BR?EF,A,E,I,alt3,BRIEF,7,49,47,3.5127
3,T9?WAN,A,E,I,alt3,TAIWAN,7,49,41,3.8054
3,D9?VEN,A,E,I,alt3,DRIVEN,7,49,38,3.9497
1,KN?FE,A,E,I,alt3,KNIFE,7,49,49,3.5965
1,T9?BUNE,A,E,I,alt3,TRIBUNE,7,49,45,3.6326
1,Q9?CKEN,A,E,I,alt3,QUICKEN,7,49,46,3.5709
3,P9?MAL,A,E,I,alt3,PRIMAL,7,49,38,4.0835
6,S9?GH9ED,A,E,I,alt3,SLIGHTED,7,49,22,4.8375
7,G9?NSAY,A,E,I,alt3,GAINSAY,7,49,21,4.6799
1,RI?G,N,R,T,alt1,RING,7,49,48,3.3867
1,M9?IT9RING,N,R,T,alt1,MONITORING,7,49,47,3.797
1,KI?GS,N,R,T,alt1,KINGS,7,49,49,3.4773
2,A9?OU9CES,N,R,T,alt1,ANNOUNCES,7,49,43,3.9412
2,R9?EWAL,N,R,T,alt1,RENEWAL,7,49,44,3.7463
1,ZO?ES,N,R,T,alt1,ZONES,7,49,47,3.5734
1,DO?OR,N,R,T,alt1,DONOR,7,49,48,3.4235
5,T9?ISIA,N,R,T,alt1,TUNISIA,7,49,29,4.1404
1,MI?X,N,R,T,alt1,MINX,7,49,46,3.7326
1,N9?MAL,N,R,T,alt2,NORMAL,7,49,46,3.5477
6,C9?TI9IC9TES,N,R,T,alt2,CERTIFICATES,7,49,20,4.3402
4,B9?LIN,N,R,T,alt2,BERLIN,7,49,38,4.1453
4,E9?RI9GS,N,R,T,alt2,EARRINGS,7,49,38,4.2217
7,M9?EO9ER,N,R,T,alt2,MOREOVER,7,49,19,4.7145
4,I9?AELI,N,R,T,alt2,ISRAELI,7,49,32,3.9037
2,B9?OUGH,N,R,T,alt2,BOROUGH,7,49,45,3.9039
6,H9?RI9LE,N,R,T,alt2,HORRIBLE,7,49,24,4.4964
3,B9?OM9TER,N,R,T,alt2,BAROMETER,7,49,43,4.3181
1,T9?PEDO,N,R,T,alt2,TORPEDO,7,49,49,3.5136
7,C9?EG9RIES,N,R,T,alt3,CATEGORIES,7,49,17,4.4697
6,E9?IM9TE,N,R,T,alt3,ESTIMATE,7,49,24,4.8809
2,N9?ICED,N,R,T,alt3,NOTICED,7,49,45,3.834
3,M9?HO9OL9GY,N,R,T,alt3,METHODOLOGY,7,49,40,4.1907
4,S9?URN,N,R,T,alt3,SATURN,7,49,38,4.3571
6,I9?AN9UL,N,R,T,alt3,ISTANBUL,7,49,25,4.3807
5,M9?AP9YS9CS,N,R,T,alt3,METAPHYSICS,7,49,30,4.6548
1,N9?MEG,N,R,T,alt3,NUTMEG,7,49,46,3.5541
5,A9?EMIS,N,R,T,alt3,ARTEMIS,7,49,33,4.3222
7,F9?UOUS,N,R,T,alt3,FATUOUS,7,49,8,4.4752
2,L9?RN9NG,A,E,I,alt1,LEARNING,8,49,44,3.7448
4,C9?IMS,A,E,I,alt1,CLAIMS,8,49,38,4.1675
7,A9?RE9ESS,A,E,I,alt1,AWARENESS,8,49,13,4.7004
3,D9?BE9ES,A,E,I,alt1,DIABETES,8,49,38,3.8087
5,P9?NNER,A,E,I,alt1,PLANNER,8,49,34,4.4968
3,U9?NDA,A,E,I,alt1,UGANDA,8,49,38,3.8645
4,P9?RM9CIES,A,E,I,alt1,PHARMACIES,8,49,36,3.8872
1,PS?LM,A,E,I,alt1,PSALM,8,49,47,3.5207
7,F9?SI9LE,A,E,I,alt1,FEASIBLE,8,49,21,5.0584
5,Z9?LO9SLY,A,E,I,alt1,ZEALOUSLY,8,49,29,4.3337
2,E9?CT9ONIC,A,E,I,alt2,ELECTRONIC,8,49,42,3.7764
1,B9?AK9AST,A,E,I,alt2,BREAKFAST,8,49,47,3.7193
1,U9?MP9OY9ENT,A,E,I,alt2,UNEMPLOYMENT,8,49,49,3.3888
1,S9?RIFF,A,E,I,alt2,SHERIFF,8,49,47,3.4925
2,C9?ANUP,A,E,I,alt2,CLEANUP,8,49,45,3.7897
5,S9?PM9THER,A,E,I,alt2,STEPMOTHER,8,49,34,4.4829
5,T9?PI9AT9ON,A,E,I,alt2,TREPIDATION,8,49,30,4.7271
5,K9?ELED,A,E,I,alt2,KNEELED,8,49,32,4.3188
7,S9?ER9GE,A,E,I,alt2,STEERAGE,8,49,23,5.3355
6,A9?NGER,A,E,I,alt2,AVENGER,8,49,23,4.9262
4,I9?TIAL,A,E,I,alt3,INITIAL,8,49,35,3.9152
5,M9?NT9INED,A,E,I,alt3,MAINTAINED,8,49,30,4.4891
6,O9?EN9ED,A,E,I,alt3,ORIENTED,8,49,22,4.6303
4,T9?NITY,A,E,I,alt3,TRINITY,8,49,36,4.272
2,U9?LIZE,A,E,I,alt3,UTILIZE,8,49,42,3.6996
3,N9?GH9OR,A,E,I,alt3,NEIGHBOR,8,49,40,3.8665
6,E9?TO9IALS,A,E,I,alt3,EDITORIALS,8,49,22,4.7698
3,G9?MACE,A,E,I,alt3,GRIMACE,8,49,40,3.9008
2,E9?TOME,A,E,I,alt3,EPITOME,8,49,43,3.7521
2,W9?TR9SS,A,E,I,alt3,WAITRESS,8,49,42,3.8452
4,R9?TALS,N,R,T,alt1,RENTALS,8,49,38,4.1178
2,M9?NE9OTA,N,R,T,alt1,MINNESOTA,8,49,45,3.7836
5,S9?TH9SIS,N,R,T,alt1,SYNTHESIS,8,49,31,4.0904
1,ZI?C,N,R,T,alt1,ZINC,8,49,47,3.5729
2,G9?ER9TORS,N,R,T,alt1,GENERATORS,8,49,43,3.9948
7,V9?IS9ING,N,R,T,alt1,VANISHING,8,49,22,5.083
6,I9?OM9NI9US,N,R,T,alt1,IGNOMINIOUS,8,49,21,4.6045
4,M9?AG9RIE,N,R,T,alt1,MENAGERIE,8,49,38,4.1498
5,P9?TIFF,N,R,T,alt1,PONTIFF,8,49,34,4.697
5,N9?PL9SSED,N,R,T,alt1,NONPLUSSED,8,49,31,4.5615
4,C9?IS9IAN,N,R,T,alt2,CHRISTIAN,8,49,38,4.2186
7,A9?IC9LT9RE,N,R,T,alt2,AGRICULTURE,8,49,18,4.3235
1,A9?OBAT,N,R,T,alt2,ACROBAT,8,49,46,3.4839
1,H9?IZ9NTAL,N,R,T,alt2,HORIZONTAL,8,49,47,3.4436
3,B9?BA9OS,N,R,T,alt2,BARBADOS,8,49,38,4.0322
7,S9?INT,N,R,T,alt2,SPRINT,8,49,21,4.7852
6,V9?IE9IES,N,R,T,alt2,VARIETIES,8,49,23,4.4057
7,S9?IG9TLY,N,R,T,alt2,SPRIGHTLY,8,49,14,5.2943
6,H9?AN9UE,N,R,T,alt2,HARANGUE,8,49,23,4.3154
3,K9?CH9EF,N,R,T,alt2,KERCHIEF,8,49,39,4.1991
4,A9?HO9GH,N,R,T,alt3,ALTHOUGH,8,49,36,4.3611
7,O9?AI9ED,N,R,T,alt3,OBTAINED,8,49,11,5.0335
2,M9?HE9AT9CAL,N,R,T,alt3,MATHEMATICAL,8,49,45,3.7988
2,C9?IZ9NS9IP,N,R,T,alt3,CITIZENSHIP,8,49,44,3.7471
6,C9?AR9CT,N,R,T,alt3,CATARACT,8,49,23,4.7275
7,H9?ER9GE9EOUS,N,R,T,alt3,HETEROGENEOUS,8,49,19,4.8231
5,F9?HE9LESS,N,R,T,alt3,FATHERLESS,8,49,35,4.6822
6,A9?IC9LA9ION,N,R,T,alt3,ARTICULATION,8,49,28,4.5052
7,R9?LAND,N,R,T,alt3,RUTLAND,8,49,18,5.26
1,N9?IC9ABLY,N,R,T,alt3,NOTICEABLY,8,49,46,3.6809
1,TH?T,A,E,I,alt1,THAT,9,52,49,3.4533
1,UT?H,A,E,I,alt1,UTAH,9,52,50,3.4331
1,AR?B,A,E,I,alt1,ARAB,9,52,51,3.4865
3,H9?DP9ONES,A,E,I,alt1,HEADPHONES,9,52,41,3.8676
3,S9?TI9NERY,A,E,I,alt1,STATIONERY,9,52,44,3.9902
1,F9?NK9URT,A,E,I,alt1,FRANKFURT,9,52,50,3.6832
1,SW?N,A,E,I,alt1,SWAN,9,52,49,3.6829
6,W9?KE9ING,A,E,I,alt1,WEAKENING,9,52,29,4.9479
6,D9?DEM,A,E,I,alt1,DIADEM,9,52,22,4.1621
1,F9?UD9LENT,A,E,I,alt1,FRAUDULENT,9,52,47,3.5087
1,ID?A,A,E,I,alt2,IDEA,9,52,47,3.371
3,E9?CT9IC,A,E,I,alt2,ELECTRIC,9,52,41,4.118
4,W9?ELS,A,E,I,alt2,WHEELS,9,52,34,3.8774
7,S9?CIFY,A,E,I,alt2,SPECIFY,9,52,19,4.7743
7,S9?CI9IC9TION,A,E,I,alt2,SPECIFICATION,9,52,16,5.0521
2,E9?GANT,A,E,I,alt2,ELEGANT,9,52,45,3.5277
5,F9?IGHT,A,E,I,alt2,FREIGHT,9,52,34,4.463
3,E9?MIES,A,E,I,alt2,ENEMIES,9,52,43,3.6717
7,L9?CH9EN9TEIN,A,E,I,alt2,LIECHTENSTEIN,9,52,17,4.9465
6,A9?QU9TELY,A,E,I,alt2,ADEQUATELY,9,52,23,4.6526
1,FA?R,A,E,I,alt3,FAIR,9,52,48,3.5339
1,JO?NT,A,E,I,alt3,JOINT,9,52,50,3.4834
2,R9?LWAY,A,E,I,alt3,RAILWAY,9,52,44,3.7423
4,B9?EF9NG,A,E,I,alt3,BRIEFING,9,52,38,4.0126
6,C9?EF9AIN,A,E,I,alt3,CHIEFTAIN,9,52,29,4.4017
3,A9?MATE,A,E,I,alt3,ANIMATE,9,52,43,3.6655
4,W9?RL9OOL,A,E,I,alt3,WHIRLPOOL,9,52,37,3.972
3,V9?CED,A,E,I,alt3,VOICED,9,52,42,4.0469
5,T9?CK9NING,A,E,I,alt3,THICKENING,9,52,28,3.9339
7,I9?NE9ANT,A,E,I,alt3,ITINERANT,9,52,12,4.3703
1,L9?COLN,N,R,T,alt1,LINCOLN,9,52,51,3.4142
1,L9?DS9APE,N,R,T,alt1,LANDSCAPE,9,52,51,3.6999
1,A9?OU9CE9ENT,N,R,T,alt1,ANNOUNCEMENT,9,52,48,3.5151
5,S9?DI9AT9ON,N,R,T,alt1,SYNDICATION,9,52,32,4.7617
2,M9?UF9CT9RED,N,R,T,alt1,MANUFACTURED,9,52,45,3.6897
1,RE?O,N,R,T,alt1,RENO,9,52,50,3.6432
3,M9?IC9PA9ITY,N,R,T,alt1,MUNICIPALITY,9,52,44,3.965
2,H9?DI9AP9ED,N,R,T,alt1,HANDICAPPED,9,52,46,3.8205
1,H9?DC9FFS,N,R,T,alt1,HANDCUFFS,9,52,49,3.5107
4,V9?ER9AL,N,R,T,alt1,VENEREAL,9,52,37,4.317
4,C9?EERS,N,R,T,alt2,CAREERS,9,52,39,4.1545
4,H9?DC9RE,N,R,T,alt2,HARDCORE,9,52,36,3.7969
1,EA?N,N,R,T,alt2,EARN,9,52,48,3.4441
3,H9?RI9ANE,N,R,T,alt2,HURRICANE,9,52,41,3.8838
5,T9?RI9OR9ES,N,R,T,alt2,TERRITORIES,9,52,33,4.2372
4,C9?IS9IANS,N,R,T,alt2,CHRISTIANS,9,52,38,4.4773
6,B9?RI9RS,N,R,T,alt2,BARRIERS,9,52,26,4.374
7,A9?EES,N,R,T,alt2,AGREES,9,52,14,4.7808
1,W9?KOUT,N,R,T,alt2,WORKOUT,9,52,48,3.4873
3,J9?IS9RU9ENCE,N,R,T,alt2,JURISPRUDENCE,9,52,45,4.103
1,O9?OBER,N,R,T,alt3,OCTOBER,9,52,51,3.5608
6,E9?IM9TED,N,R,T,alt3,ESTIMATED,9,52,27,5.0056
5,E9?AB9IS9ING,N,R,T,alt3,ESTABLISHING,9,52,30,4.335
7,A9?IV9TION,N,R,T,alt3,ACTIVATION,9,52,19,4.8284
4,B9?SW9NA,N,R,T,alt3,BOTSWANA,9,52,39,4.1239
2,S9?IS9AC9ORY,N,R,T,alt3,SATISFACTORY,9,52,46,3.7231
3,VE?O,N,R,T,alt3,VETO,9,52,43,3.6309
4,N9?IV9TY,N,R,T,alt3,NATIVITY,9,52,37,4.2136
4,I9?HMUS,N,R,T,alt3,ISTHMUS,9,52,37,4.3558
6,O9?RUDE,N,R,T,alt3,OBTRUDE,9,52,30,4.952
2,Q9?NT9TY,A,E,I,alt1,QUANTITY,10,49,42,3.7007
2,P9?CT9CAL,A,E,I,alt1,PRACTICAL,10,49,43,3.4651
1,GU?RD,A,E,I,alt1,GUARD,10,49,49,3.3334
6,E9?LU9TE,A,E,I,alt1,EVALUATE,10,49,27,4.396
3,S9?RTUP,A,E,I,alt1,STARTUP,10,49,41,3.9065
2,P9?RM9CO9OGY,A,E,I,alt1,PHARMACOLOGY,10,49,44,3.5731
3,U9?VO9DA9LE,A,E,I,alt1,UNAVOIDABLE,10,49,37,3.7927
5,F9?GM9NT9RY,A,E,I,alt1,FRAGMENTARY,10,49,32,4.4311
5,S9?BB9RD,A,E,I,alt1,SCABBARD,10,49,31,4.6953
5,M9?SLES,A,E,I,alt1,MEASLES,10,49,30,4.3098
3,A9?NCY,A,E,I,alt2,AGENCY,10,49,40,3.8592
1,T9?RAPY,A,E,I,alt2,THERAPY,10,49,46,3.7396
5,B9?ASTS,A,E,I,alt2,BREASTS,10,49,31,4.314
5,T9?REOF,A,E,I,alt2,THEREOF,10,49,28,4.0877
6,F9?ECE,A,E,I,alt2,FLEECE,10,49,24,4.3677
6,T9?RE9FTER,A,E,I,alt2,THEREAFTER,10,49,21,4.3615
6,E9?NLY,A,E,I,alt2,EVENLY,10,49,25,4.4121
5,U9?RR9NG,A,E,I,alt2,UNERRING,10,49,31,4.3451
5,S9?CU9ATOR,A,E,I,alt2,SPECULATOR,10,49,33,4.5531
6,S9?AD9AS9NESS,A,E,I,alt2,STEADFASTNESS,10,49,24,4.9164
1,U9?LITY,A,E,I,alt3,UTILITY,10,49,46,3.7957
1,B9?LD9NGS,A,E,I,alt3,BUILDINGS,10,49,48,3.6004
3,B9?LDER,A,E,I,alt3,BUILDER,10,49,37,3.8173
7,G9?MM9RING,A,E,I,alt3,GLIMMERING,10,49,17,4.275
7,E9?GR9TION,A,E,I,alt3,EMIGRATION,10,49,16,4.3176
4,J9?LER,A,E,I,alt3,JAILER,10,49,35,4.2666
3,Q9?ETER,A,E,I,alt3,QUIETER,10,49,40,3.9332
2,FE?GN,A,E,I,alt3,FEIGN,10,49,43,3.8057
7,E9?GM9TI9AL,A,E,I,alt3,ENIGMATICAL,10,49,16,4.4497
6,Q9?NINE,A,E,I,alt3,QUININE,10,49,23,4.2571
2,KI?DS,N,R,T,alt1,KINDS,10,49,43,4.0757
1,K9?TU9KY,N,R,T,alt1,KENTUCKY,10,49,49,3.5724
1,S9?SET,N,R,T,alt1,SUNSET,10,49,47,3.5035
1,M9?HA9TAN,N,R,T,alt1,MANHATTAN,10,49,47,3.6132
4,P9?AL9IES,N,R,T,alt1,PENALTIES,10,49,34,4.1197
3,K9?SMEN,N,R,T,alt1,KINSMEN,10,49,39,3.9367
6,D9?UN9IA9ION,N,R,T,alt1,DENUNCIATION,10,49,25,4.3416
3,S9?SK9IT,N,R,T,alt1,SANSKRIT,10,49,41,4.0451
2,UR?S,N,R,T,alt1,URNS,10,49,44,3.9162
7,S9?TE9TI9US,N,R,T,alt1,SENTENTIOUS,10,49,19,4.6972
6,V9?IOUS,N,R,T,alt2,VARIOUS,10,49,28,4.697
2,C9?RI9ULUM,N,R,T,alt2,CURRICULUM,10,49,42,3.7118
6,D9?EC9OR9ES,N,R,T,alt2,DIRECTORIES,10,49,24,4.7993
7,A9?AN9EM9NTS,N,R,T,alt2,ARRANGEMENTS,10,49,17,4.6285
1,W9?KP9ACE,N,R,T,alt2,WORKPLACE,10,49,47,3.5829
1,H9?OES,N,R,T,alt2,HEROES,10,49,47,3.5359
3,T9?IFF,N,R,T,alt2,TARIFF,10,49,42,3.924
4,A9?IFT,N,R,T,alt2,ADRIFT,10,49,38,4.1698
1,HU?L,N,R,T,alt2,HURL,10,49,48,3.7058
5,T9?TU9US,N,R,T,alt2,TORTUOUS,10,49,29,4.5131
4,N9?HE9LA9DS,N,R,T,alt3,NETHERLANDS,10,49,39,4.3803
4,A9?OR9EYS,N,R,T,alt3,ATTORNEYS,10,49,36,4.0865
2,L9?INO,N,R,T,alt3,LATINO,10,49,42,3.7171
2,V9?ICAN,N,R,T,alt3,VATICAN,10,49,43,3.6712
7,P9?RI9RC9AL,N,R,T,alt3,PATRIARCHAL,10,49,17,4.8774
7,B9?RA9AL,N,R,T,alt3,BETRAYAL,10,49,19,4.6948
6,M9?IG9TE,N,R,T,alt3,MITIGATE,10,49,26,4.6812
5,O9?USE,N,R,T,alt3,OBTUSE,10,49,32,4.1208
3,B9?TE9MILK,N,R,T,alt3,BUTTERMILK,10,49,39,4.01
7,A9?UT9NESS,N,R,T,alt3,ASTUTENESS,10,49,15,4.7637
2,L9?DE9SHIP,A,E,I,alt1,LEADERSHIP,11,30,28,2.9917
2,R9?LITY,A,E,I,alt1,REALITY,11,30,28,3.6447
1,M9?NW9ILE,A,E,I,alt1,MEANWHILE,11,30,29,2.9241
3,P9?IN9IFF,A,E,I,alt1,PLAINTIFF,11,30,27,3.6816
6,A9?HEIM,A,E,I,alt1,ANAHEIM,11,30,18,4.3015
7,OM?N,A,E,I,alt1,OMAN,11,30,0,2.7615
3,P9?YB9CK,A,E,I,alt1,PLAYBACK,11,30,28,4.417
7,A9?RI9IOUS,A,E,I,alt1,AVARICIOUS,11,30,6,4.6539
3,B9?SP9EM9US,A,E,I,alt1,BLASPHEMOUS,11,30,24,3.2749
3,U9?TT9IN9BLE,A,E,I,alt1,UNATTAINABLE,11,30,24,3.543
1,OP?N,A,E,I,alt2,OPEN,11,30,30,2.5278
1,F9?EDOM,A,E,I,alt2,FREEDOM,11,30,28,2.6198
1,EN?MY,A,E,I,alt2,ENEMY,11,30,30,2.4258
4,I9?NT9CAL,A,E,I,alt2,IDENTICAL,11,30,23,3.5931
6,C9?AT9RES,A,E,I,alt2,CREATURES,11,30,17,4.3575
2,F9?QU9NC9ES,A,E,I,alt2,FREQUENCIES,11,30,27,3.3211
3,G9?ASE,A,E,I,alt2,GREASE,11,30,24,3.2768
5,R9?UM9TISM,A,E,I,alt2,RHEUMATISM,11,30,21,4.0447
3,P9?NO9ENAL,A,E,I,alt2,PHENOMENAL,11,30,26,3.3937
7,C9?YE9NE,A,E,I,alt2,CHEYENNE,11,30,14,4.5461
1,Q9?CKLY,A,E,I,alt3,QUICKLY,11,30,29,2.3924
2,O9?GIN,A,E,I,alt3,ORIGIN,11,30,27,2.9277
5,G9?NEA,A,E,I,alt3,GUINEA,11,30,19,3.9055
3,P9?LI9PI9ES,A,E,I,alt3,PHILIPPINES,11,30,25,3.4811
1,P9?NC9PLE,A,E,I,alt3,PRINCIPLE,11,30,30,3.2484
5,E9?SS9ONS,A,E,I,alt3,EMISSIONS,11,30,19,4.0195
6,E9?SS9ON,A,E,I,alt3,EMISSION,11,30,17,4.2945
7,M9?ST9RE,A,E,I,alt3,MOISTURE,11,30,8,5.1009
7,A9?CA9LE,A,E,I,alt3,AMICABLE,11,30,7,4.5771
6,DA?S,A,E,I,alt3,DAIS,11,30,18,4.7849
3,B9?EF9TS,N,R,T,alt1,BENEFITS,11,30,24,3.0915
1,SO?G,N,R,T,alt1,SONG,11,30,30,2.7045
3,S9?CT9FIED,N,R,T,alt1,SANCTIFIED,11,30,25,3.1601
4,L9?EAGE,N,R,T,alt1,LINEAGE,11,30,23,3.5128
1,U9?EC9SS9RILY,N,R,T,alt1,UNNECESSARILY,11,30,28,2.9365
4,P9?DU9UM,N,R,T,alt1,PENDULUM,11,30,22,3.904
1,B9?ANAS,N,R,T,alt1,BANANAS,11,30,30,2.7079
1,LY?X,N,R,T,alt1,LYNX,11,30,29,2.5667
7,S9?UOUS,N,R,T,alt1,SINUOUS,11,30,11,3.6876
2,P9?EA9PLE,N,R,T,alt1,PINEAPPLE,11,30,28,3.0664
2,E9?OPE,N,R,T,alt2,EUROPE,11,30,28,3.7052
3,H9?DC9VER,N,R,T,alt2,HARDCOVER,11,30,26,3.36
1,A9?IVAL,N,R,T,alt2,ARRIVAL,11,30,28,2.7003
1,YA?D,N,R,T,alt2,YARD,11,30,29,2.5872
1,M9?RORS,N,R,T,alt2,MIRRORS,11,30,28,2.9299
7,I9?IG9TION,N,R,T,alt2,IRRIGATION,11,30,10,4.0849
1,FE?N,N,R,T,alt2,FERN,11,30,30,3.0772
5,B9?EFT,N,R,T,alt2,BEREFT,11,30,20,3.7446
1,J9?GON,N,R,T,alt2,JARGON,11,30,28,2.8254
4,W9?SH9PP9NG,N,R,T,alt2,WORSHIPPING,11,30,22,3.4773
4,M9?HODS,N,R,T,alt3,METHODS,11,30,23,3.3618
3,E9?AB9ISH,N,R,T,alt3,ESTABLISH,11,30,24,3.617
7,A9?RA9TION,N,R,T,alt3,ATTRACTION,11,30,14,5.1636
5,V9?ER9NS,N,R,T,alt3,VETERANS,11,30,19,4.4443
5,L9?IG9TION,N,R,T,alt3,LITIGATION,11,30,18,3.5568
7,W9?ER9HED,N,R,T,alt3,WATERSHED,11,30,12,4.4406
7,W9?CH9UL9ESS,N,R,T,alt3,WATCHFULNESS,11,30,14,4.8399
5,O9?EN9IBLY,N,R,T,alt3,OSTENSIBLY,11,30,19,3.9576
7,L9?TI9ED,N,R,T,alt3,LATTICED,11,30,10,4.4312
6,N9?RO9EN9US,N,R,T,alt3,NITROGENOUS,11,30,19,5.4743
1,LE?RN,A,E,I,alt1,LEARN,12,31,31,2.5248
1,CL?IM,A,E,I,alt1,CLAIM,12,31,31,2.7179
4,T9?IL9ND,A,E,I,alt1,THAILAND,12,31,23,4.0981
6,M9?SU9ING,A,E,I,alt1,MEASURING,12,31,16,4.4382
2,L9?TH9NG,A,E,I,alt1,LOATHING,12,31,28,2.8587
5,F9?NT9CA9LY,A,E,I,alt1,FRANTICALLY,12,31,20,4.409
7,U9?VA9LING,A,E,I,alt1,UNAVAILING,12,31,13,5.3122
5,I9?GERY,A,E,I,alt1,IMAGERY,12,31,21,3.3885
2,Q9?RR9LS9ME,A,E,I,alt1,QUARRELSOME,12,31,29,3.0806
6,S9?PORT,A,E,I,alt1,SEAPORT,12,31,16,3.9912
1,US?D,A,E,I,alt2,USED,12,31,31,2.6711
1,TH?M,A,E,I,alt2,THEM,12,31,31,2.6225
6,O9?RA9IO9AL,A,E,I,alt2,OPERATIONAL,12,31,18,4.3629
1,GE?K,A,E,I,alt2,GEEK,12,31,31,2.4755
2,G9?GORY,A,E,I,alt2,GREGORY,12,31,29,3.5934
2,E9?MPT,A,E,I,alt2,EXEMPT,12,31,28,2.6421
6,C9?AN9RS,A,E,I,alt2,CLEANERS,12,31,17,4.8428
5,V9?TN9MESE,A,E,I,alt2,VIETNAMESE,12,31,20,3.3354
1,C9?SC9NT,A,E,I,alt2,CRESCENT,12,31,29,2.915
7,G9?RN9EY,A,E,I,alt2,GUERNSEY,12,31,11,5.1117
1,PR?ME,A,E,I,alt3,PRIME,12,31,31,2.5111
1,F9?LURE,A,E,I,alt3,FAILURE,12,31,30,2.7606
3,S9?RI9UAL,A,E,I,alt3,SPIRITUAL,12,31,27,3.5302
1,K9?GHT,A,E,I,alt3,KNIGHT,12,31,30,2.6027
1,O9?GINS,A,E,I,alt3,ORIGINS,12,31,29,2.8724
6,E9?THET,A,E,I,alt3,EPITHET,12,31,17,4.2076
6,B9?LIFF,A,E,I,alt3,BAILIFF,12,31,17,4.226
4,K9?GH9LY,A,E,I,alt3,KNIGHTLY,12,31,24,3.8246
6,F9?RT9TION,A,E,I,alt3,FLIRTATION,12,31,16,4.8881
7,I9?QU9TOUS,A,E,I,alt3,INIQUITOUS,12,31,13,4.6883
1,W9?DOWS,N,R,T,alt1,WINDOWS,12,31,31,2.5139
1,K9?GDOM,N,R,T,alt1,KINGDOM,12,31,30,2.6321
4,L9?ATIC,N,R,T,alt1,LUNATIC,12,31,24,3.3601
2,V9?OM9US,N,R,T,alt1,VENOMOUS,12,31,28,2.9408
3,L9?GU9DLY,N,R,T,alt1,LANGUIDLY,12,31,27,3.8727
6,L9?CA9HIRE,N,R,T,alt1,LANCASHIRE,12,31,18,4.7394
5,H9?EY9UC9LE,N,R,T,alt1,HONEYSUCKLE,12,31,21,3.6458
1,L9?GU9STIC,N,R,T,alt1,LINGUISTIC,12,31,30,3.1047
7,P9?TH9ISM,N,R,T,alt1,PANTHEISM,12,31,15,4.9496
7,H9?DO9TAN,N,R,T,alt1,HINDOSTAN,12,31,14,4.8317
3,W9?LD9IDE,N,R,T,alt2,WORLDWIDE,12,31,26,3.7099
1,ZE?O,N,R,T,alt2,ZERO,12,31,31,2.841
1,N9?MA9LY,N,R,T,alt2,NORMALLY,12,31,31,2.8298
6,A9?AN9EM9NT,N,R,T,alt2,ARRANGEMENT,12,31,16,5.1436
1,P9?SUIT,N,R,T,alt2,PURSUIT,12,31,31,2.4047
6,C9?RE9PO9DS,N,R,T,alt2,CORRESPONDS,12,31,18,4.784
6,C9?ON9TION,N,R,T,alt2,CORONATION,12,31,15,4.5568
7,S9?AM9LE,N,R,T,alt2,SCRAMBLE,12,31,8,4.8576
7,I9?EG9LA9ITY,N,R,T,alt2,IRREGULARITY,12,31,15,5.1809
7,S9?IP9URAL,N,R,T,alt2,SCRIPTURAL,12,31,13,5.3201
1,B9?WEEN,N,R,T,alt3,BETWEEN,12,31,30,2.5201
2,N9?IF9CA9ION,N,R,T,alt3,NOTIFICATION,12,31,28,2.935
1,V9?AMIN,N,R,T,alt3,VITAMIN,12,31,31,2.9646
6,T9?ANS,N,R,T,alt3,TITANS,12,31,16,4.4619
2,LA?EX,N,R,T,alt3,LATEX,12,31,28,2.959
1,V9?ERAN,N,R,T,alt3,VETERAN,12,31,30,2.6338
7,E9?ATES,N,R,T,alt3,ESTATES,12,31,11,4.7543
4,A9?ON9SH,N,R,T,alt3,ASTONISH,12,31,24,3.6704
3,RI?A,N,R,T,alt3,RITA,12,31,27,3.3007
1,O9?IM9STIC,N,R,T,alt3,OPTIMISTIC,12,31,29,2.7707
5,A9?DE9IC,A,E,I,alt1,ACADEMIC,13,29,17,3.686
3,A9?TEUR,A,E,I,alt1,AMATEUR,13,29,24,2.7289
4,L9?VING,A,E,I,alt1,LEAVING,13,29,22,3.2593
1,A9?LYST,A,E,I,alt1,ANALYST,13,29,28,2.7384
3,R9?SO9ABLY,A,E,I,alt1,REASONABLY,13,29,23,3.3351
1,S9?FOOD,A,E,I,alt1,SEAFOOD,13,29,28,2.5134
2,T9?RFUL,A,E,I,alt1,TEARFUL,13,29,26,3.2297
2,D9?WB9CK,A,E,I,alt1,DRAWBACK,13,29,26,3.216
2,S9?SIDE,A,E,I,alt1,SEASIDE,13,29,25,2.5701
6,Q9?RTO,A,E,I,alt1,QUARTO,13,29,16,4.0961
1,E9?RY9HING,A,E,I,alt2,EVERYTHING,13,29,28,2.8356
1,F9?QU9NTLY,A,E,I,alt2,FREQUENTLY,13,29,28,2.9812
3,S9?NIC,A,E,I,alt2,SCENIC,13,29,26,3.8176
3,P9?NO9ENON,A,E,I,alt2,PHENOMENON,13,29,25,3.2825
2,E9?RALD,A,E,I,alt2,EMERALD,13,29,26,2.7693
2,O9?SITY,A,E,I,alt2,OBESITY,13,29,25,2.979
7,S9?CI9LT9ES,A,E,I,alt2,SPECIALTIES,13,29,12,4.9147
7,C9?DI9LE,A,E,I,alt2,CREDIBLE,13,29,8,5.1542
7,P9?VISH,A,E,I,alt2,PEEVISH,13,29,8,4.7901
6,D9?PEN,A,E,I,alt2,DEEPEN,13,29,16,4.1757
1,F9?DAY,A,E,I,alt3,FRIDAY,13,29,29,2.6909
7,C9?ENT,A,E,I,alt3,CLIENT,13,29,13,4.7905
4,O9?TU9RIES,A,E,I,alt3,OBITUARIES,13,29,21,3.3553
7,O9?SS9ONS,A,E,I,alt3,OMISSIONS,13,29,7,4.3514
7,C9?LL9NG,A,E,I,alt3,CHILLING,13,29,10,4.1949
4,OD?N,A,E,I,alt3,ODIN,13,29,20,3.094
5,O9?GA9CHY,A,E,I,alt3,OLIGARCHY,13,29,18,3.7186
7,T9?FLED,A,E,I,alt3,TRIFLED,13,29,13,4.5835
6,A9?GAIL,A,E,I,alt3,ABIGAIL,13,29,14,3.8544
1,CH?RP,A,E,I,alt3,CHIRP,13,29,28,2.7762
3,D9?AMIC,N,R,T,alt1,DYNAMIC,13,29,24,3.9146
2,F9?TA9TIC,N,R,T,alt1,FANTASTIC,13,29,26,3.1309
1,SI?G,N,R,T,alt1,SING,13,29,29,2.4964
3,S9?IORS,N,R,T,alt1,SENIORS,13,29,25,3.1794
4,S9?EGAL,N,R,T,alt1,SENEGAL,13,29,21,4.0621
3,V9?DI9TIVE,N,R,T,alt1,VINDICTIVE,13,29,24,3.1871
1,B9?DIT,N,R,T,alt1,BANDIT,13,29,29,2.693
2,J9?IPER,N,R,T,alt1,JUNIPER,13,29,27,3.9381
3,G9?GR9NE,N,R,T,alt1,GANGRENE,13,29,23,3.5233
2,N9?CH9LANT,N,R,T,alt1,NONCHALANT,13,29,26,2.6859
1,G9?MANY,N,R,T,alt2,GERMANY,13,29,28,2.3459
1,PU?E,N,R,T,alt2,PURE,13,29,29,2.504
1,WA?M,N,R,T,alt2,WARM,13,29,29,3.0008
3,U9?AINE,N,R,T,alt2,UKRAINE,13,29,24,3.4546
1,G9?GE9US,N,R,T,alt2,GORGEOUS,13,29,27,2.8845
4,A9?ORA,N,R,T,alt2,AURORA,13,29,21,4.0158
1,N9?VANA,N,R,T,alt2,NIRVANA,13,29,28,2.8598
1,H9?MFUL,N,R,T,alt2,HARMFUL,13,29,28,2.7912
4,S9?IBE,N,R,T,alt2,SCRIBE,13,29,22,3.8385
4,V9?NISH,N,R,T,alt2,VARNISH,13,29,20,2.826
2,N9?URE,N,R,T,alt3,NATURE,13,29,26,2.9372
1,RA?IO,N,R,T,alt3,RATIO,13,29,28,3.4199
5,L9?VIA,N,R,T,alt3,LATVIA,13,29,21,4.3897
3,G9?HIC,N,R,T,alt3,GOTHIC,13,29,26,3.6027
7,P9?AT9ES,N,R,T,alt3,POTATOES,13,29,10,3.7566
7,E9?RA9GED,N,R,T,alt3,ESTRANGED,13,29,6,4.6238
6,A9?RO9OGER,N,R,T,alt3,ASTROLOGER,13,29,15,4.6577
6,L9?IUM,N,R,T,alt3,LATIUM,13,29,14,4.3749
6,O9?RU9IVE,N,R,T,alt3,OBTRUSIVE,13,29,17,4.499
5,T9?TO9ED,N,R,T,alt3,TATTOOED,13,29,20,3.9039
1,HE?RT,A,E,I,alt1,HEART,14,29,27,2.7692
1,MI?MI,A,E,I,alt1,MIAMI,14,29,29,2.5204
7,P9?NNED,A,E,I,alt1,PLANNED,14,29,10,4.1181
2,SC?N,A,E,I,alt1,SCAN,14,29,25,2.8446
4,D9?GN9SIS,A,E,I,alt1,DIAGNOSIS,14,29,22,3.7395
1,WR?P,A,E,I,alt1,WRAP,14,29,29,2.5174
1,R9?CT9ONS,A,E,I,alt1,REACTIONS,14,29,27,2.773
7,A9?ND9NED,A,E,I,alt1,ABANDONED,14,29,12,3.8481
1,RE?LM,A,E,I,alt1,REALM,14,29,29,2.61
2,AJ?R,A,E,I,alt1,AJAR,14,29,27,3.1312
7,A9?NC9ES,A,E,I,alt2,AGENCIES,14,29,8,4.9723
1,QU?EN,A,E,I,alt2,QUEEN,14,29,28,2.5941
6,S9?NA9IO,A,E,I,alt2,SCENARIO,14,29,15,4.1761
2,EY?D,A,E,I,alt2,EYED,14,29,27,3.1423
2,B9?AK9OWN,A,E,I,alt2,BREAKDOWN,14,29,25,2.8442
7,T9?RA9IST,A,E,I,alt2,THERAPIST,14,29,14,4.7713
6,C9?ME9CY,A,E,I,alt2,CLEMENCY,14,29,17,4.1781
5,P9?AS9RA9LE,A,E,I,alt2,PLEASURABLE,14,29,20,4.8675
7,K9?NN9SS,A,E,I,alt2,KEENNESS,14,29,11,4.5997
6,C9?ANLY,A,E,I,alt2,CLEANLY,14,29,15,4.8906
6,S9?RIT,A,E,I,alt3,SPIRIT,14,29,15,4.4716
7,E9?TO9IAL,A,E,I,alt3,EDITORIAL,14,29,8,5.101
3,I9?TI9TIVE,A,E,I,alt3,INITIATIVE,14,29,24,3.4713
1,TW?N,A,E,I,alt3,TWIN,14,29,29,2.4914
5,S9?EN9IST,A,E,I,alt3,SCIENTIST,14,29,21,4.1973
1,TR?BE,A,E,I,alt3,TRIBE,14,29,27,2.8981
5,S9?PM9NT,A,E,I,alt3,SHIPMENT,14,29,20,3.7607
6,P9?MR9SE,A,E,I,alt3,PRIMROSE,14,29,15,4.4375
6,G9?EVES,A,E,I,alt3,GRIEVES,14,29,17,4.1372
7,E9?FI9AT9ON,A,E,I,alt3,EDIFICATION,14,29,9,4.7622
1,P9?NS9LV9NIA,N,R,T,alt1,PENNSYLVANIA,14,29,29,2.7334
2,A9?IV9RS9RY,N,R,T,alt1,ANNIVERSARY,14,29,27,3.0243
4,G9?EA9OGY,N,R,T,alt1,GENEALOGY,14,29,22,3.7414
1,R9?EW9BLE,N,R,T,alt1,RENEWABLE,14,29,29,2.6195
4,G9?ER9TES,N,R,T,alt1,GENERATES,14,29,23,4.1169
1,PU?Y,N,R,T,alt1,PUNY,14,29,28,3.3856
4,M9?DA9IN,N,R,T,alt1,MANDARIN,14,29,23,3.912
6,N9?DE9CR9PT,N,R,T,alt1,NONDESCRIPT,14,29,14,4.5305
3,M9?GO9IAN,N,R,T,alt1,MONGOLIAN,14,29,24,3.9759
2,G9?SHOT,N,R,T,alt1,GUNSHOT,14,29,26,2.6873
7,C9?TI9IC9TE,N,R,T,alt2,CERTIFICATE,14,29,10,3.7655
5,C9?TA9NLY,N,R,T,alt2,CERTAINLY,14,29,18,3.8598
2,M9?CH9ND9SE,N,R,T,alt2,MERCHANDISE,14,29,27,2.9376
3,D9?IVED,N,R,T,alt2,DERIVED,14,29,26,4.4488
5,P9?CH9SES,N,R,T,alt2,PURCHASES,14,29,17,3.5875
7,H9?EIN,N,R,T,alt2,HEREIN,14,29,13,4.7111
2,C9?NW9LL,N,R,T,alt2,CORNWALL,14,29,26,3.5598
7,E9?IP9DES,N,R,T,alt2,EURIPIDES,14,29,6,4.3982
6,B9?RI9TER,N,R,T,alt2,BARRISTER,14,29,16,4.7376
7,E9?ON9OU9LY,N,R,T,alt2,ERRONEOUSLY,14,29,10,4.3032
5,A9?IV9TIES,N,R,T,alt3,ACTIVITIES,14,29,18,4.2392
3,N9?EB9OKS,N,R,T,alt3,NOTEBOOKS,14,29,24,3.3399
3,U9?IM9TELY,N,R,T,alt3,ULTIMATELY,14,29,24,3.2501
7,V9?ERS,N,R,T,alt3,VOTERS,14,29,14,4.8937
4,L9?HU9NIA,N,R,T,alt3,LITHUANIA,14,29,22,3.4435
4,H9?TEST,N,R,T,alt3,HOTTEST,14,29,21,3.6866
2,M9?HE9BO9RD,N,R,T,alt3,MOTHERBOARD,14,29,26,3.2374
5,C9?HE9RAL,N,R,T,alt3,CATHEDRAL,14,29,19,4.0083
7,T9?EL9GE,N,R,T,alt3,TUTELAGE,14,29,9,4.7459
5,A9?HEA,N,R,T,alt3,ALTHEA,14,29,21,4.5147
7,A9?RT9ENTS,A,E,I,alt1,APARTMENTS,15,30,8,4.3032
1,A9?ZING,A,E,I,alt1,AMAZING,15,30,30,2.7617
2,E9?BLED,A,E,I,alt1,ENABLED,15,30,27,2.9817
1,R9?CT9ON,A,E,I,alt1,REACTION,15,30,29,3.1698
5,N9?REST,A,E,I,alt1,NEAREST,15,30,20,3.737
7,E9?LU9TED,A,E,I,alt1,EVALUATED,15,30,12,4.3251
2,Q9?LI9YING,A,E,I,alt1,QUALIFYING,15,30,28,3.0617
2,BE?U,A,E,I,alt1,BEAU,15,30,27,2.9342
6,D9?LE9TS,A,E,I,alt1,DIALECTS,15,30,15,4.5423
7,C9?VAT,A,E,I,alt1,CRAVAT,15,30,11,5.0248
1,DE?P,A,E,I,alt2,DEEP,15,30,29,2.6117
3,O9?GON,A,E,I,alt2,OREGON,15,30,24,3.0622
1,OP?RA,A,E,I,alt2,OPERA,15,30,30,2.7089
7,A9?QU9TE,A,E,I,alt2,ADEQUATE,15,30,6,5.1093
7,T9?OR9ES,A,E,I,alt2,THEORIES,15,30,13,4.6856
6,B9?AT9ING,A,E,I,alt2,BREATHING,15,30,18,5.2538
3,V9?WERS,A,E,I,alt2,VIEWERS,15,30,25,3.8006
7,A9?TY9ENE,A,E,I,alt2,ACETYLENE,15,30,9,4.794
5,G9?EN9SH,A,E,I,alt2,GREENISH,15,30,18,4.0052
5,R9?TO9ICAL,A,E,I,alt2,RHETORICAL,15,30,18,3.9433
1,C9?CAGO,A,E,I,alt3,CHICAGO,15,30,30,3.0582
1,EX?T,A,E,I,alt3,EXIT,15,30,30,2.6409
1,E9?SODE,A,E,I,alt3,EPISODE,15,30,28,2.8982
2,RA?L,A,E,I,alt3,RAIL,15,30,26,2.8488
6,I9?TI9LLY,A,E,I,alt3,INITIALLY,15,30,14,3.9386
5,M9?NS9REAM,A,E,I,alt3,MAINSTREAM,15,30,21,4.0786
1,K9?GHTS,A,E,I,alt3,KNIGHTS,15,30,30,2.5765
7,T9?UM9HAL,A,E,I,alt3,TRIUMPHAL,15,30,10,4.771
4,N9?SILY,A,E,I,alt3,NOISILY,15,30,23,3.7464
6,E9?FY9NG,A,E,I,alt3,EDIFYING,15,30,15,4.1857
2,G9?ER9LLY,N,R,T,alt1,GENERALLY,15,30,27,3.3784
2,M9?TANA,N,R,T,alt1,MONTANA,15,30,28,2.9994
3,M9?ET9RY,N,R,T,alt1,MONETARY,15,30,26,3.1732
4,B9?EATH,N,R,T,alt1,BENEATH,15,30,22,3.2725
4,M9?IT9RED,N,R,T,alt1,MONITORED,15,30,22,3.5849
3,B9?ED9CT,N,R,T,alt1,BENEDICT,15,30,25,3.6837
3,DU?G,N,R,T,alt1,DUNG,15,30,27,3.7808
5,H9?SOM,N,R,T,alt1,HANSOM,15,30,22,4.3187
1,S9?BEAM,N,R,T,alt1,SUNBEAM,15,30,30,2.7012
5,C9?DE9ABRA,N,R,T,alt1,CANDELABRA,15,30,21,3.8115
2,F9?NI9URE,N,R,T,alt2,FURNITURE,15,30,27,2.9135
1,W9?KS9OP,N,R,T,alt2,WORKSHOP,15,30,30,2.599
1,N9?TH9EST,N,R,T,alt2,NORTHWEST,15,30,29,2.9704
2,A9?IVED,N,R,T,alt2,ARRIVED,15,30,27,3.3977
1,H9?BAL,N,R,T,alt2,HERBAL,15,30,29,2.7776
2,VE?DE,N,R,T,alt2,VERDE,15,30,29,3.6717
3,T9?RAIN,N,R,T,alt2,TERRAIN,15,30,24,3.2984
7,B9?LE9QUE,N,R,T,alt2,BURLESQUE,15,30,13,4.6751
3,F9?EW9OD,N,R,T,alt2,FIREWOOD,15,30,25,3.0932
6,A9?OIT,N,R,T,alt2,ADROIT,15,30,15,3.8726
1,C9?ALOG,N,R,T,alt3,CATALOG,15,30,29,3.0418
2,O9?ARIO,N,R,T,alt3,ONTARIO,15,30,27,2.8803
5,A9?ER9AT9VES,N,R,T,alt3,ALTERNATIVES,15,30,19,4.1849
5,A9?RACT,N,R,T,alt3,ATTRACT,15,30,20,4.5197
5,T9?AN9UM,N,R,T,alt3,TITANIUM,15,30,18,4.0048
3,O9?IMUM,N,R,T,alt3,OPTIMUM,15,30,26,3.6712
1,MO?H,N,R,T,alt3,MOTH,15,30,29,2.8754
5,D9?ER9OR9TION,N,R,T,alt3,DETERIORATION,15,30,22,4.382
6,O9?AVO,N,R,T,alt3,OCTAVO,15,30,16,4.6629
2,C9?AC9MBS,N,R,T,alt3,CATACOMBS,15,30,28,3.1457
6,S9?ND9RDS,A,E,I,alt1,STANDARDS,16,29,16,4.177
6,E9?LU9TION,A,E,I,alt1,EVALUATION,16,29,15,4.8666
4,C9?SS9CS,A,E,I,alt1,CLASSICS,16,29,22,3.9216
6,A9?RDED,A,E,I,alt1,AWARDED,16,29,14,4.0234
3,D9?THS,A,E,I,alt1,DEATHS,16,29,25,3.3446
1,S9?KE9PE9RE,A,E,I,alt1,SHAKESPEARE,16,29,28,2.8462
4,G9?RA9TEES,A,E,I,alt1,GUARANTEES,16,29,22,4.0578
6,H9?LT9FUL,A,E,I,alt1,HEALTHFUL,16,29,15,4.2577
4,T9?NK9UL9ESS,A,E,I,alt1,THANKFULNESS,16,29,21,3.4071
6,S9?RP9ESS,A,E,I,alt1,SHARPNESS,16,29,15,4.3464
1,EV?N,A,E,I,alt2,EVEN,16,29,27,2.7918
3,E9?RY9NE,A,E,I,alt2,EVERYONE,16,29,23,3.4922
5,F9?XI9IL9TY,A,E,I,alt2,FLEXIBILITY,16,29,16,3.3502
5,T9?LVE,A,E,I,alt2,TWELVE,16,29,19,3.744
7,S9?MA9ES,A,E,I,alt2,SHEMALES,16,29,7,4.4865
3,E9?VEN,A,E,I,alt2,ELEVEN,16,29,23,3.4204
3,D9?AMER,A,E,I,alt2,DREAMER,16,29,24,3.712
7,F9?NC9WO9AN,A,E,I,alt2,FRENCHWOMAN,16,29,5,4.7244
4,U9?QU9VO9AL,A,E,I,alt2,UNEQUIVOCAL,16,29,19,3.0273
5,AB?D,A,E,I,alt2,ABED,16,29,20,4.2367
1,PR?OR,A,E,I,alt3,PRIOR,16,29,29,2.5411
6,M9?NT9IN,A,E,I,alt3,MAINTAIN,16,29,15,4.7562
1,C9?CKEN,A,E,I,alt3,CHICKEN,16,29,28,2.711
5,C9?LD9OOD,A,E,I,alt3,CHILDHOOD,16,29,19,3.9689
1,D9?NKS,A,E,I,alt3,DRINKS,16,29,27,2.7006
3,B9?LL9ANCE,A,E,I,alt3,BRILLIANCE,16,29,22,2.9164
6,B9?MS9ONE,A,E,I,alt3,BRIMSTONE,16,29,14,3.946
5,Q9?ET9DE,A,E,I,alt3,QUIETUDE,16,29,18,4.0229
7,T9?RT9ETH,A,E,I,alt3,THIRTIETH,16,29,9,4.101
1,Q9?ZZ9CAL,A,E,I,alt3,QUIZZICAL,16,29,28,2.6938
2,M9?IMUM,N,R,T,alt1,MINIMUM,16,29,26,2.8448
1,S9?GA9ORE,N,R,T,alt1,SINGAPORE,16,29,28,2.9644
5,F9?IS9ING,N,R,T,alt1,FINISHING,16,29,18,4.037
3,G9?TEEL,N,R,T,alt1,GENTEEL,16,29,23,3.3701
6,P9?GENT,N,R,T,alt1,PUNGENT,16,29,18,4.619
6,F9?AN9IER,N,R,T,alt1,FINANCIER,16,29,13,4.113
5,P9?TE9OST,N,R,T,alt1,PENTECOST,16,29,17,3.8467
2,WI?CE,N,R,T,alt1,WINCE,16,29,26,2.8756
2,T9?DEM,N,R,T,alt1,TANDEM,16,29,26,3.3349
6,S9?EC9RE,N,R,T,alt1,SINECURE,16,29,14,3.9515
1,FI?M,N,R,T,alt2,FIRM,16,29,29,2.4787
4,I9?AEL,N,R,T,alt2,ISRAEL,16,29,21,3.9074
2,G9?AGE,N,R,T,alt2,GARAGE,16,29,27,3.2079
4,C9?TR9DGE,N,R,T,alt2,CARTRIDGE,16,29,22,3.028
3,C9?TR9DGES,N,R,T,alt2,CARTRIDGES,16,29,24,2.9841
1,C9?PET,N,R,T,alt2,CARPET,16,29,29,2.6264
6,C9?RE9CIES,N,R,T,alt2,CURRENCIES,16,29,16,4.6995
6,E9?THEN,N,R,T,alt2,EARTHEN,16,29,16,4.6695
5,H9?MI9AGE,N,R,T,alt2,HERMITAGE,16,29,21,4.1516
7,S9?CA9TI9ALLY,N,R,T,alt2,SARCASTICALLY,16,29,9,5.1247
3,U9?IM9TE,N,R,T,alt3,ULTIMATE,16,29,24,3.4488
2,M9?HE9AT9CS,N,R,T,alt3,MATHEMATICS,16,29,27,3.3939
5,G9?HE9ING,N,R,T,alt3,GATHERING,16,29,19,3.3524
1,MY?H,N,R,T,alt3,MYTH,16,29,28,2.6993
7,C9?EC9ISM,N,R,T,alt3,CATECHISM,16,29,9,4.1718
2,M9?HE9AT9CIAN,N,R,T,alt3,MATHEMATICIAN,16,29,27,3.2971
7,S9?EL9ITES,N,R,T,alt3,SATELLITES,16,29,12,4.8226
3,U9?RUTH,N,R,T,alt3,UNTRUTH,16,29,24,2.9804
7,P9?ER9ITY,N,R,T,alt3,PATERNITY,16,29,9,5.6619
6,S9?IRIC,N,R,T,alt3,SATIRIC,16,29,16,4.4138
7,S9?TE9ENT,A,E,I,alt1,STATEMENT,17,30,13,4.3849
1,A9?SKA,A,E,I,alt1,ALASKA,17,30,29,2.7884
2,D9?DL9NE,A,E,I,alt1,DEADLINE,17,30,26,3.0214
1,OM?HA,A,E,I,alt1,OMAHA,17,30,28,2.687
1,Y9?RLY,A,E,I,alt1,YEARLY,17,30,29,2.8444
3,D9?CON,A,E,I,alt1,DEACON,17,30,26,3.3547
1,AJ?X,A,E,I,alt1,AJAX,17,30,28,2.8133
6,S9?SH9RE,A,E,I,alt1,SEASHORE,17,30,15,4.6626
6,B9?CK9UARD,A,E,I,alt1,BLACKGUARD,17,30,15,4.868
6,L9?VEN,A,E,I,alt1,LEAVEN,17,30,17,4.3529
1,IT?M,A,E,I,alt2,ITEM,17,30,30,2.4731
2,QU?RY,A,E,I,alt2,QUERY,17,30,26,2.7264
1,E9?RY9ODY,A,E,I,alt2,EVERYBODY,17,30,28,2.8844
5,S9?CT9CU9AR,A,E,I,alt2,SPECTACULAR,17,30,19,3.852
1,QU?UE,A,E,I,alt2,QUEUE,17,30,29,2.7003
1,Q9?ST9ON9AIRE,A,E,I,alt2,QUESTIONNAIRE,17,30,29,2.4872
4,N9?DING,A,E,I,alt2,NEEDING,17,30,24,4.0778
5,F9?ND9SH,A,E,I,alt2,FIENDISH,17,30,20,3.567
6,W9?RE9IT9AL,A,E,I,alt2,WHEREWITHAL,17,30,16,5.0363
1,E9?BROW,A,E,I,alt2,EYEBROW,17,30,30,2.9617
5,S9?ENCE,A,E,I,alt3,SCIENCE,17,30,19,3.4312
4,C9?NESE,A,E,I,alt3,CHINESE,17,30,23,3.3936
1,P9?OR9TIES,A,E,I,alt3,PRIORITIES,17,30,29,2.6751
1,F9?EN9SHIP,A,E,I,alt3,FRIENDSHIP,17,30,28,2.6553
4,B9?EFS,A,E,I,alt3,BRIEFS,17,30,22,4.2714
5,S9?MU9ATE,A,E,I,alt3,STIMULATE,17,30,20,4.2904
6,I9?TI9TION,A,E,I,alt3,INITIATION,17,30,18,4.7858
4,H9?NOUS,A,E,I,alt3,HEINOUS,17,30,23,3.3098
7,I9?MI9AL,A,E,I,alt3,INIMICAL,17,30,9,4.4129
4,F9?PP9NT,A,E,I,alt3,FLIPPANT,17,30,23,3.4948
1,KI?G,N,R,T,alt1,KING,17,30,29,2.6076
6,F9?AN9ING,N,R,T,alt1,FINANCING,17,30,14,4.1783
2,H9?GARY,N,R,T,alt1,HUNGARY,17,30,27,2.858
5,R9?DE9ING,N,R,T,alt1,RENDERING,17,30,22,4.9539
4,V9?ISON,N,R,T,alt1,VENISON,17,30,23,3.9811
4,A9?UITY,N,R,T,alt1,ANNUITY,17,30,22,3.5814
2,F9?DA9EN9ALLY,N,R,T,alt1,FUNDAMENTALLY,17,30,26,2.8433
2,C9?SO9SHIP,N,R,T,alt1,CENSORSHIP,17,30,27,2.7937
2,L9?GI9UD9NAL,N,R,T,alt1,LONGITUDINAL,17,30,27,2.8216
5,N9?CH9LA9CE,N,R,T,alt1,NONCHALANCE,17,30,18,3.9006
1,A9?PORT,N,R,T,alt2,AIRPORT,17,30,30,2.5266
4,C9?TI9IED,N,R,T,alt2,CERTIFIED,17,30,22,3.4173
3,P9?CH9SING,N,R,T,alt2,PURCHASING,17,30,26,3.5067
3,A9?OAD,N,R,T,alt2,ABROAD,17,30,26,3.2151
1,Y9?KS9IRE,N,R,T,alt2,YORKSHIRE,17,30,29,2.4246
4,C9?ON9CLES,N,R,T,alt2,CHRONICLES,17,30,25,4.1876
1,N9?VOUS,N,R,T,alt2,NERVOUS,17,30,29,2.7491
7,F9?NI9HED,N,R,T,alt2,FURNISHED,17,30,12,4.7736
4,A9?OS9ACE,N,R,T,alt2,AEROSPACE,17,30,22,3.5492
3,I9?EL9VANT,N,R,T,alt2,IRRELEVANT,17,30,24,3.0973
2,N9?URAL,N,R,T,alt3,NATURAL,17,30,27,3.1177
5,A9?IV9TY,N,R,T,alt3,ACTIVITY,17,30,20,4.6724
2,M9?RO9OL9TAN,N,R,T,alt3,METROPOLITAN,17,30,26,3.0351
1,N9?IF9ED,N,R,T,alt3,NOTIFIED,17,30,28,2.7417
3,W9?ER9ROOF,N,R,T,alt3,WATERPROOF,17,30,24,3.4263
2,N9?OR9ETY,N,R,T,alt3,NOTORIETY,17,30,28,3.2062
1,M9?HE9LESS,N,R,T,alt3,MOTHERLESS,17,30,30,3.8524
6,M9?IL9TION,N,R,T,alt3,MUTILATION,17,30,17,5.0844
5,L9?URGY,N,R,T,alt3,LITURGY,17,30,19,3.6556
1,A9?RU9STIC,N,R,T,alt3,ALTRUISTIC,17,30,30,3.3888
1,F9?ME9ORK,A,E,I,alt1,FRAMEWORK,18,28,28,3.0886
3,N9?RBY,A,E,I,alt1,NEARBY,18,28,24,3.1906
4,O9?CLE,A,E,I,alt1,ORACLE,18,28,20,3.2749
4,D9?WI9GS,A,E,I,alt1,DRAWINGS,18,28,21,3.9891
4,S9?NG9AI,A,E,I,alt1,SHANGHAI,18,28,20,3.1135
3,B9?CE9ETS,A,E,I,alt1,BRACELETS,18,28,24,3.4716
2,EX?LT,A,E,I,alt1,EXALT,18,28,25,3.2465
6,N9?PO9ITAN,A,E,I,alt1,NEAPOLITAN,18,28,13,4.3881
6,S9?ND9TILL,A,E,I,alt1,STANDSTILL,18,28,16,4.1454
7,U9?NI9ITY,A,E,I,alt1,UNANIMITY,18,28,12,4.8112
5,O9?RA9IONS,A,E,I,alt2,OPERATIONS,18,28,18,3.6587
5,V9?WED,A,E,I,alt2,VIEWED,18,28,20,4.3671
5,S9?REO,A,E,I,alt2,STEREO,18,28,20,4.0991
1,E9?RY9HERE,A,E,I,alt2,EVERYWHERE,18,28,27,2.7124
6,C9?APER,A,E,I,alt2,CHEAPER,18,28,17,4.8562
1,U9?VEN,A,E,I,alt2,UNEVEN,18,28,27,2.8846
5,T9?SP9SS,A,E,I,alt2,TRESPASS,18,28,18,3.6953
7,C9?DU9OUS,A,E,I,alt2,CREDULOUS,18,28,12,4.5117
6,C9?RO9EE,A,E,I,alt2,CHEROKEE,18,28,16,3.9838
3,I9?RTIA,A,E,I,alt2,INERTIA,18,28,22,3.3579
5,C9?LD9EN,A,E,I,alt3,CHILDREN,18,28,18,4.0126
2,O9?GI9ALLY,A,E,I,alt3,ORIGINALLY,18,28,25,3.0994
4,V9?CES,A,E,I,alt3,VOICES,18,28,20,3.435
7,B9?EFLY,A,E,I,alt3,BRIEFLY,18,28,10,4.2066
3,T9?BU9AL,A,E,I,alt3,TRIBUNAL,18,28,23,3.4681
7,S9?PM9NTS,A,E,I,alt3,SHIPMENTS,18,28,11,4.0004
4,F9?TH9UL9ESS,A,E,I,alt3,FAITHFULNESS,18,28,21,4.0512
3,P9?CKLY,A,E,I,alt3,PRICKLY,18,28,22,3.2799
2,E9?CIT,A,E,I,alt3,ELICIT,18,28,25,3.2903
5,I9?TI9TE,A,E,I,alt3,INITIATE,18,28,17,3.6561
6,M9?IS9RY,N,R,T,alt1,MINISTRY,18,28,15,4.4617
2,L9?EAR,N,R,T,alt1,LINEAR,18,28,26,2.981
2,G9?ER9TOR,N,R,T,alt1,GENERATOR,18,28,26,3.2943
3,F9?ERAL,N,R,T,alt1,FUNERAL,18,28,23,3.5102
1,B9?GKOK,N,R,T,alt1,BANGKOK,18,28,27,2.4484
4,H9?DH9LDS,N,R,T,alt1,HANDHELDS,18,28,22,3.7676
1,PI?G,N,R,T,alt1,PING,18,28,28,2.681
1,O9?OX9OUS,N,R,T,alt1,OBNOXIOUS,18,28,27,2.6775
4,G9?EA9OG9CAL,N,R,T,alt1,GENEALOGICAL,18,28,20,3.7825
3,M9?SL9UG9TER,N,R,T,alt1,MANSLAUGHTER,18,28,24,3.7066
5,V9?SION,N,R,T,alt2,VERSION,18,28,18,3.8114
2,C9?RE9CY,N,R,T,alt2,CURRENCY,18,28,25,3.3415
4,C9?RE9PO9DING,N,R,T,alt2,CORRESPONDING,18,28,21,3.7346
1,T9?RO9ISM,N,R,T,alt2,TERRORISM,18,28,28,2.5745
1,K9?EAN,N,R,T,alt2,KOREAN,18,28,28,2.5111
1,B9?CE9ONA,N,R,T,alt2,BARCELONA,18,28,27,2.8701
3,B9?GA9NS,N,R,T,alt2,BARGAINS,18,28,24,3.6387
3,G9?LF9IEND,N,R,T,alt2,GIRLFRIEND,18,28,24,3.2314
3,T9?MI9ALS,N,R,T,alt2,TERMINALS,18,28,24,3.5779
6,P9?TICO,N,R,T,alt2,PORTICO,18,28,17,4.2742
4,N9?EB9OK,N,R,T,alt3,NOTEBOOK,18,28,21,3.3681
1,B9?HR9OM,N,R,T,alt3,BATHROOM,18,28,27,3.1005
2,N9?IO9WIDE,N,R,T,alt3,NATIONWIDE,18,28,24,2.7799
3,O9?IMAL,N,R,T,alt3,OPTIMAL,18,28,23,3.2661
5,E9?ONIA,N,R,T,alt3,ESTONIA,18,28,18,3.3446
6,F9?IL9TY,N,R,T,alt3,FUTILITY,18,28,13,4.3274
2,O9?RICH,N,R,T,alt3,OSTRICH,18,28,25,3.0675
7,C9?ERIE,N,R,T,alt3,COTERIE,18,28,10,4.9909
7,M9?AP9OR9CAL,N,R,T,alt3,METAPHORICAL,18,28,10,4.6271
5,M9?EO9IC,N,R,T,alt3,METEORIC,18,28,20,4.2275
6,I9?LIAN,A,E,I,alt1,ITALIAN,19,30,16,3.7931
1,O9?NGE,A,E,I,alt1,ORANGE,19,30,30,2.6226
2,P9?CT9TI9NERS,A,E,I,alt1,PRACTITIONERS,19,30,27,3.3249
1,Q9?RT9RS,A,E,I,alt1,QUARTERS,19,30,29,2.8078
2,HE?TH,A,E,I,alt1,HEATH,19,30,28,3.3307
6,LE?NT,A,E,I,alt1,LEANT,19,30,18,4.381
7,S9?RTHY,A,E,I,alt1,SWARTHY,19,30,14,4.5665
1,B9?SP9EMY,A,E,I,alt1,BLASPHEMY,19,30,29,2.7506
1,D9?GONS,A,E,I,alt1,DRAGONS,19,30,28,2.9452
5,P9?IS9WO9THY,A,E,I,alt1,PRAISEWORTHY,19,30,21,4.1074
7,S9?CI9IC,A,E,I,alt2,SPECIFIC,19,30,14,4.6474
4,T9?AT9ENT,A,E,I,alt2,TREATMENT,19,30,23,3.6757
1,CH?F,A,E,I,alt2,CHEF,19,30,28,2.645
7,E9?CU9ED,A,E,I,alt2,EXECUTED,19,30,13,4.2229
5,T9?AS9RE,A,E,I,alt2,TREASURE,19,30,20,3.7274
7,S9?FF9ELD,A,E,I,alt2,SHEFFIELD,19,30,13,4.4093
6,C9?AT9RE,A,E,I,alt2,CREATURE,19,30,18,4.588
7,E9?CU9OR,A,E,I,alt2,EXECUTOR,19,30,8,4.8736
7,T9?REAT,A,E,I,alt2,THEREAT,19,30,9,5.4556
5,I9?QU9LI9IES,A,E,I,alt2,INEQUALITIES,19,30,18,3.6917
2,P9?OR9TY,A,E,I,alt3,PRIORITY,19,30,28,3.5492
1,P9?NC9PAL,A,E,I,alt3,PRINCIPAL,19,30,29,2.9487
1,S9?CIDE,A,E,I,alt3,SUICIDE,19,30,28,2.5112
6,T9?AN9LE,A,E,I,alt3,TRIANGLE,19,30,16,3.8457
6,A9?PEX,A,E,I,alt3,ADIPEX,19,30,16,4.642
1,EP?C,A,E,I,alt3,EPIC,19,30,30,2.5085
1,AL?GN,A,E,I,alt3,ALIGN,19,30,30,2.5272
6,E9?DE9IC,A,E,I,alt3,EPIDEMIC,19,30,16,3.7513
4,R9?NF9LL,A,E,I,alt3,RAINFALL,19,30,24,3.6425
2,Q9?CK9IL9ER,A,E,I,alt3,QUICKSILVER,19,30,26,3.1075
5,G9?ER9TED,N,R,T,alt1,GENERATED,19,30,21,3.9947
1,V9?CO9VER,N,R,T,alt1,VANCOUVER,19,30,29,2.4798
3,H9?GA9IAN,N,R,T,alt1,HUNGARIAN,19,30,24,3.5707
4,R9?DE9ED,N,R,T,alt1,RENDERED,19,30,23,4.5525
2,LA?CE,N,R,T,alt1,LANCE,19,30,27,2.7346
1,B9?KR9PT,N,R,T,alt1,BANKRUPT,19,30,28,2.8314
7,I9?OM9NY,N,R,T,alt1,IGNOMINY,19,30,13,4.7065
7,G9?WALE,N,R,T,alt1,GUNWALE,19,30,12,4.3664
2,H9?DI9AP,N,R,T,alt1,HANDICAP,19,30,26,3.0063
2,B9?EF9CI9RY,N,R,T,alt1,BENEFICIARY,19,30,26,2.4744
1,GI?L,N,R,T,alt2,GIRL,19,30,30,2.6935
1,T9?KEY,N,R,T,alt2,TURKEY,19,30,29,2.7909
1,N9?WAY,N,R,T,alt2,NORWAY,19,30,30,2.6863
1,M9?CURY,N,R,T,alt2,MERCURY,19,30,29,2.6149
4,T9?GETS,N,R,T,alt2,TARGETS,19,30,22,3.9886
3,A9?FARE,N,R,T,alt2,AIRFARE,19,30,24,3.4928
1,EU?OS,N,R,T,alt2,EUROS,19,30,29,2.7341
1,XE?OX,N,R,T,alt2,XEROX,19,30,30,2.5633
5,V9?SED,N,R,T,alt2,VERSED,19,30,22,4.4555
4,B9?EF9OT,N,R,T,alt2,BAREFOOT,19,30,24,3.6986
7,M9?ER9ALS,N,R,T,alt3,MATERIALS,19,30,6,3.5614
1,B9?TOM,N,R,T,alt3,BOTTOM,19,30,28,2.9644
3,M9?AB9LISM,N,R,T,alt3,METABOLISM,19,30,24,2.9425
3,P9?ATO,N,R,T,alt3,POTATO,19,30,25,3.1399
2,R9?HL9SS,N,R,T,alt3,RUTHLESS,19,30,27,2.9529
5,N9?EW9RTHY,N,R,T,alt3,NOTEWORTHY,19,30,19,4.3888
2,O9?IM9SM,N,R,T,alt3,OPTIMISM,19,30,28,3.1506
4,M9?HO9ICAL,N,R,T,alt3,METHODICAL,19,30,21,3.6779
7,C9?AL9GUES,N,R,T,alt3,CATALOGUES,19,30,12,4.8786
7,D9?RA9TION,N,R,T,alt3,DETRACTION,19,30,10,5.0477
1,E9?MPLE,A,E,I,alt1,EXAMPLE,20,29,27,2.7733
2,B9?UT9FUL,A,E,I,alt1,BEAUTIFUL,20,29,27,2.9761
5,C9?IMED,A,E,I,alt1,CLAIMED,20,29,20,3.9601
2,S9?SO9AL,A,E,I,alt1,SEASONAL,20,29,27,3.1002
4,E9?LU9TING,A,E,I,alt1,EVALUATING,20,29,23,3.8186
3,Q9?NT9TIES,A,E,I,alt1,QUANTITIES,20,29,23,3.1789
1,A9?TOMY,A,E,I,alt1,ANATOMY,20,29,29,2.5589
7,E9?NE9CE9CE,A,E,I,alt1,EVANESCENCE,20,29,11,3.7517
6,S9?ZI9AND,A,E,I,alt1,SWAZILAND,20,29,16,3.8878
6,U9?GES,A,E,I,alt1,USAGES,20,29,14,4.6574
4,E9?CT9ON9CS,A,E,I,alt2,ELECTRONICS,20,29,21,3.3652
3,T9?MS9LVES,A,E,I,alt2,THEMSELVES,20,29,24,2.9689
6,T9?REBY,A,E,I,alt2,THEREBY,20,29,17,4.053
6,C9?ARED,A,E,I,alt2,CLEARED,20,29,16,4.5047
7,C9?ER9ESS,A,E,I,alt2,CHEERLESS,20,29,13,4.7377
5,E9?GA9TLY,A,E,I,alt2,ELEGANTLY,20,29,18,3.3257
7,C9?DE9CE,A,E,I,alt2,CREDENCE,20,29,9,4.0369
7,P9?RILE,A,E,I,alt2,PUERILE,20,29,10,4.2763
6,B9?AS9PL9TE,A,E,I,alt2,BREASTPLATE,20,29,18,4.6987
7,O9?RA9IC,A,E,I,alt2,OPERATIC,20,29,13,4.7085
1,US?NG,A,E,I,alt3,USING,20,29,28,2.5885
2,A9?MALS,A,E,I,alt3,ANIMALS,20,29,26,2.8644
3,A9?MA9ION,A,E,I,alt3,ANIMATION,20,29,23,3.0196
6,B9?NG9NG,A,E,I,alt3,BRINGING,20,29,17,4.7583
5,NE?L,A,E,I,alt3,NEIL,20,29,18,3.8956
7,M9?NT9INS,A,E,I,alt3,MAINTAINS,20,29,10,4.8278
6,C9?SEL,A,E,I,alt3,CHISEL,20,29,15,3.8191
3,R9?NO9EROS,A,E,I,alt3,RHINOCEROS,20,29,24,3.1877
6,P9?ANT,A,E,I,alt3,PLIANT,20,29,16,4.6243
5,T9?MM9NGS,A,E,I,alt3,TRIMMINGS,20,29,20,4.1244
1,G9?ER9TION,N,R,T,alt1,GENERATION,20,29,28,2.9329
2,C9?CI9NATI,N,R,T,alt1,CINCINNATI,20,29,26,2.4709
1,VE?UE,N,R,T,alt1,VENUE,20,29,27,2.6342
5,R9?UN9IA9ION,N,R,T,alt1,RENUNCIATION,20,29,18,4.3708
6,C9?NO9ADE,N,R,T,alt1,CANNONADE,20,29,16,4.2809
3,S9?GU9AR9TY,N,R,T,alt1,SINGULARITY,20,29,23,2.9661
4,O9?IP9ES9NT,N,R,T,alt1,OMNIPRESENT,20,29,21,3.8356
2,L9?GE9ITY,N,R,T,alt1,LONGEVITY,20,29,26,3.1607
7,S9?ES9HAL,N,R,T,alt1,SENESCHAL,20,29,7,4.271
3,P9?DE9ON9UM,N,R,T,alt1,PANDEMONIUM,20,29,23,3.3709
1,ER?OR,N,R,T,alt2,ERROR,20,29,29,2.4406
1,T9?ONTO,N,R,T,alt2,TORONTO,20,29,27,2.506
1,H9?ROR,N,R,T,alt2,HORROR,20,29,27,2.4358
7,T9?GE9ED,N,R,T,alt2,TARGETED,20,29,14,4.9542
1,V9?IF9ED,N,R,T,alt2,VERIFIED,20,29,28,2.6791
5,V9?IES,N,R,T,alt2,VARIES,20,29,17,3.8369
1,V9?BAL,N,R,T,alt2,VERBAL,20,29,27,2.6877
7,V9?AN9AH,N,R,T,alt2,VERANDAH,20,29,12,3.8788
5,T9?AN9ICAL,N,R,T,alt2,TYRANNICAL,20,29,18,3.932
2,B9?BA9IC,N,R,T,alt2,BARBARIC,20,29,26,2.6663
1,CI?Y,N,R,T,alt3,CITY,20,29,28,2.9188
7,C9?EG9RY,N,R,T,alt3,CATEGORY,20,29,12,4.0571
3,O9?IM9ZA9ION,N,R,T,alt3,OPTIMIZATION,20,29,23,2.9459
2,V9?AM9NS,N,R,T,alt3,VITAMINS,20,29,25,2.7608
3,S9?ISFY,N,R,T,alt3,SATISFY,20,29,24,3.2308
6,A9?ER9AT9VELY,N,R,T,alt3,ALTERNATIVELY,20,29,14,4.0697
6,A9?OU9DED,N,R,T,alt3,ASTOUNDED,20,29,15,4.2253
5,S9?TLER,N,R,T,alt3,SETTLER,20,29,19,4.2363
5,P9?RI9ONY,N,R,T,alt3,PATRIMONY,20,29,20,4.785
7,L9?ER9TI,N,R,T,alt3,LITERATI,20,29,11,4.2521
2,Q9?LITY,A,E,I,alt1,QUALITY,21,30,26,2.911
2,F9?NC9SCO,A,E,I,alt1,FRANCISCO,21,30,27,3.4118
1,C9?SS9FIED,A,E,I,alt1,CLASSIFIED,21,30,29,2.6977
4,C9?SS9OOM,A,E,I,alt1,CLASSROOM,21,30,22,3.4018
2,H9?RTS,A,E,I,alt1,HEARTS,21,30,27,3.0461
1,Q9?RT9RLY,A,E,I,alt1,QUARTERLY,21,30,28,2.6991
1,B9?UT9FU9LY,A,E,I,alt1,BEAUTIFULLY,21,30,29,3.2136
3,LE?FY,A,E,I,alt1,LEAFY,21,30,25,3.3441
6,S9?RB9ARD,A,E,I,alt1,STARBOARD,21,30,16,4.8723
3,E9?MO9RED,A,E,I,alt1,ENAMOURED,21,30,26,3.4148
3,A9?ND9ENT,A,E,I,alt2,AMENDMENT,21,30,25,3.2305
5,I9?NT9TY,A,E,I,alt2,IDENTITY,21,30,20,3.5934
1,A9?XA9DER,A,E,I,alt2,ALEXANDER,21,30,29,2.7227
4,B9?ATH,A,E,I,alt2,BREATH,21,30,23,3.6793
1,Q9?ENS,A,E,I,alt2,QUEENS,21,30,29,2.4446
5,H9?RA9CHY,A,E,I,alt2,HIERARCHY,21,30,19,3.3979
1,E9?PH9NT,A,E,I,alt2,ELEPHANT,21,30,29,2.4545
6,A9?RD9EN,A,E,I,alt2,ABERDEEN,21,30,15,3.7203
4,I9?FF9CT9AL,A,E,I,alt2,INEFFECTUAL,21,30,24,3.9123
1,AP?X,A,E,I,alt2,APEX,21,30,29,2.4876
5,O9?NION,A,E,I,alt3,OPINION,21,30,18,3.9227
3,H9?GHT,A,E,I,alt3,HEIGHT,21,30,25,2.8108
2,R9?LR9AD,A,E,I,alt3,RAILROAD,21,30,26,3.1291
1,TR?O,A,E,I,alt3,TRIO,21,30,29,2.8292
2,P9?VI9EGES,A,E,I,alt3,PRIVILEGES,21,30,27,2.837
2,G9?FFIN,A,E,I,alt3,GRIFFIN,21,30,28,2.9787
6,C9?LD9IKE,A,E,I,alt3,CHILDLIKE,21,30,14,4.1868
6,T9?LS9ME,A,E,I,alt3,TOILSOME,21,30,15,4.4414
4,P9?NS9AK9NG,A,E,I,alt3,PAINSTAKING,21,30,21,3.3164
3,W9?MPER,A,E,I,alt3,WHIMPER,21,30,25,3.8098
1,J9?IOR,N,R,T,alt1,JUNIOR,21,30,28,2.6381
2,I9?OV9TIVE,N,R,T,alt1,INNOVATIVE,21,30,28,3.0054
2,T9?ZA9IA,N,R,T,alt1,TANZANIA,21,30,26,3.0542
5,S9?TH9TIC,N,R,T,alt1,SYNTHETIC,21,30,21,4.2012
2,P9?TIAC,N,R,T,alt1,PONTIAC,21,30,28,3.0204
6,V9?DI9AT9ON,N,R,T,alt1,VINDICATION,21,30,17,4.4441
5,O9?IP9TE9CE,N,R,T,alt1,OMNIPOTENCE,21,30,20,3.888
1,GE?IE,N,R,T,alt1,GENIE,21,30,29,2.9083
5,P9?CT9LI9US,N,R,T,alt1,PUNCTILIOUS,21,30,18,4.0025
4,H9?DI9RAFT,N,R,T,alt1,HANDICRAFT,21,30,24,3.835
1,A9?EADY,N,R,T,alt2,ALREADY,21,30,29,2.4905
3,A9?ICAN,N,R,T,alt2,AFRICAN,21,30,26,3.737
1,T9?RI9ORY,N,R,T,alt2,TERRITORY,21,30,30,3.0777
1,N9?ROW,N,R,T,alt2,NARROW,21,30,30,2.6264
4,V9?IA9IONS,N,R,T,alt2,VARIATIONS,21,30,23,3.8923
5,C9?RU9TION,N,R,T,alt2,CORRUPTION,21,30,18,3.7545
4,W9?RA9TIES,N,R,T,alt2,WARRANTIES,21,30,23,3.6607
5,A9?EE9NG,N,R,T,alt2,AGREEING,21,30,20,3.884
4,T9?MI9AT9NG,N,R,T,alt2,TERMINATING,21,30,22,3.7714
1,W9?KH9USE,N,R,T,alt2,WORKHOUSE,21,30,28,2.7822
1,N9?WORK,N,R,T,alt3,NETWORK,21,30,29,2.9078
5,O9?ICAL,N,R,T,alt3,OPTICAL,21,30,20,3.6431
6,A9?RI9UTES,N,R,T,alt3,ATTRIBUTES,21,30,15,4.0827
3,T9?TOO,N,R,T,alt3,TATTOO,21,30,25,3.1027
2,N9?OR9OU9LY,N,R,T,alt3,NOTORIOUSLY,21,30,28,3.2164
3,U9?IM9TUM,N,R,T,alt3,ULTIMATUM,21,30,24,3.465
5,U9?ER9OR,N,R,T,alt3,ULTERIOR,21,30,22,4.4031
2,R9?IO9ALLY,N,R,T,alt3,RATIONALLY,21,30,29,3.5134
7,B9?UM9NOUS,N,R,T,alt3,BITUMINOUS,21,30,7,4.5567
4,IO?A,N,R,T,alt3,IOTA,21,30,23,3.5916
4,A9?IL9BI9ITY,A,E,I,alt1,AVAILABILITY,22,30,22,3.6268
1,A9?BAMA,A,E,I,alt1,ALABAMA,22,30,30,2.7786
7,S9?TI9TI9AL,A,E,I,alt1,STATISTICAL,22,30,13,5.365
5,G9?NCE,A,E,I,alt1,GLANCE,22,30,17,3.5328
1,PL?ZA,A,E,I,alt1,PLAZA,22,30,30,2.5504
4,S9?NLEY,A,E,I,alt1,STANLEY,22,30,22,3.2987
5,P9?NETS,A,E,I,alt1,PLANETS,22,30,19,3.9751
1,P9?NTOM,A,E,I,alt1,PHANTOM,22,30,28,2.5621
7,B9?BANT,A,E,I,alt1,BRABANT,22,30,7,4.6212
6,G9?RLED,A,E,I,alt1,GNARLED,22,30,19,4.8159
1,TH?Y,A,E,I,alt2,THEY,22,30,30,2.5611
1,TH?IR,A,E,I,alt2,THEIR,22,30,28,2.6693
2,V9?TNAM,A,E,I,alt2,VIETNAM,22,30,27,2.6612
6,O9?RA9ORS,A,E,I,alt2,OPERATORS,22,30,14,3.4665
7,S9?CT9UM,A,E,I,alt2,SPECTRUM,22,30,8,4.5333
7,O9?NI9GS,A,E,I,alt2,OPENINGS,22,30,10,4.0505
5,C9?VICE,A,E,I,alt2,CREVICE,22,30,20,4.1142
7,S9?CT9AL,A,E,I,alt2,SPECTRAL,22,30,14,4.7658
2,FL?A,A,E,I,alt2,FLEA,22,30,27,2.8175
7,AV?R,A,E,I,alt2,AVER,22,30,10,4.143
3,P9?VATE,A,E,I,alt3,PRIVATE,22,30,26,3.4582
4,M9?NT9NA9CE,A,E,I,alt3,MAINTENANCE,22,30,21,3.4536
6,S9?RITS,A,E,I,alt3,SPIRITS,22,30,16,4.2264
3,AM?NO,A,E,I,alt3,AMINO,22,30,26,3.164
7,F9?LU9ES,A,E,I,alt3,FAILURES,22,30,9,3.9386
3,E9?XIR,A,E,I,alt3,ELIXIR,22,30,24,2.7016
4,U9?LI9AR9AN,A,E,I,alt3,UTILITARIAN,22,30,22,3.0461
7,E9?GE9CY,A,E,I,alt3,EXIGENCY,22,30,3,3.9324
6,O9?DA9ION,A,E,I,alt3,OXIDATION,22,30,15,4.0991
7,A9?MA9ES,A,E,I,alt3,ANIMATES,22,30,11,4.228
1,T9?IGHT,N,R,T,alt1,TONIGHT,22,30,29,3.0611
1,D9?GE9OUS,N,R,T,alt1,DANGEROUS,22,30,30,2.468
6,EN?UI,N,R,T,alt1,ENNUI,22,30,17,4.1841
1,B9?FIRE,N,R,T,alt1,BONFIRE,22,30,29,2.7674
5,V9?TI9AT9ON,N,R,T,alt1,VENTILATION,22,30,17,3.4619
1,H9?GMAN,N,R,T,alt1,HANGMAN,22,30,29,3.0686
2,L9?IENT,N,R,T,alt1,LENIENT,22,30,28,2.9977
5,Z9?ZI9AR,N,R,T,alt1,ZANZIBAR,22,30,20,3.687
1,H9?DU9SM,N,R,T,alt1,HINDUISM,22,30,30,2.8815
4,L9?IE9CY,N,R,T,alt1,LENIENCY,22,30,21,3.3478
1,EU?O,N,R,T,alt2,EURO,22,30,29,2.4045
2,C9?CU9ST9NCES,N,R,T,alt2,CIRCUMSTANCES,22,30,27,3.0948
2,VA?Y,N,R,T,alt2,VARY,22,30,27,3.1273
1,S9?IO9SLY,N,R,T,alt2,SERIOUSLY,22,30,29,2.704
3,N9?TH9AST,N,R,T,alt2,NORTHEAST,22,30,25,3.1462
1,H9?VEST,N,R,T,alt2,HARVEST,22,30,29,2.5437
1,J9?US9LEM,N,R,T,alt2,JERUSALEM,22,30,30,2.6221
4,V9?IA9CE,N,R,T,alt2,VARIANCE,22,30,23,3.6144
2,V9?TUE,N,R,T,alt2,VIRTUE,22,30,27,2.6484
4,M9?CA9TILE,N,R,T,alt2,MERCANTILE,22,30,23,3.7856
1,D9?ROIT,N,R,T,alt3,DETROIT,22,30,30,2.8482
4,T9?OR9AL,N,R,T,alt3,TUTORIAL,22,30,22,3.7795
4,O9?AWA,N,R,T,alt3,OTTAWA,22,30,24,4.0099
6,R9?IF9CA9ION,N,R,T,alt3,RATIFICATION,22,30,17,4.3426
6,F9?HE9LY,N,R,T,alt3,FATHERLY,22,30,16,4.0973
1,M9?EOR,N,R,T,alt3,METEOR,22,30,28,2.7966
5,B9?AN9CAL,N,R,T,alt3,BOTANICAL,22,30,17,3.4112
1,AZ?EC,N,R,T,alt3,AZTEC,22,30,29,2.4739
7,O9?AG9NAL,N,R,T,alt3,OCTAGONAL,22,30,12,4.3744
7,S9?UR9INE,N,R,T,alt3,SATURNINE,22,30,14,4.6702
1,YE?R,A,E,I,alt1,YEAR,23,30,29,2.3232
7,S9?TUS,A,E,I,alt1,STATUS,23,30,12,4.1541
1,EX?M,A,E,I,alt1,EXAM,23,30,30,2.4627
6,S9?IN9ESS,A,E,I,alt1,STAINLESS,23,30,20,5.2598
2,S9?DOW,A,E,I,alt1,SHADOW,23,30,26,2.9588
1,W9?PON,A,E,I,alt1,WEAPON,23,30,28,2.5434
4,D9?IN9GE,A,E,I,alt1,DRAINAGE,23,30,22,4.1811
3,A9?PT9TION,A,E,I,alt1,ADAPTATION,23,30,26,3.565
7,E9?CI9TED,A,E,I,alt1,EMACIATED,23,30,13,4.4583
5,P9?YT9ING,A,E,I,alt1,PLAYTHING,23,30,22,4.4452
2,A9?RICA,A,E,I,alt2,AMERICA,23,30,28,3.0612
4,C9?ARLY,A,E,I,alt2,CLEARLY,23,30,22,3.9069
4,P9?AS9RE,A,E,I,alt2,PLEASURE,23,30,21,3.6599
4,T9?AT9ENTS,A,E,I,alt2,TREATMENTS,23,30,24,4.4333
5,C9?ANER,A,E,I,alt2,CLEANER,23,30,21,4.0405
2,T9?AS9RY,A,E,I,alt2,TREASURY,23,30,28,3.5387
1,KN?E,A,E,I,alt2,KNEE,23,30,28,2.9066
2,I9?QU9LITY,A,E,I,alt2,INEQUALITY,23,30,26,2.9726
6,T9?AS9NA9LE,A,E,I,alt2,TREASONABLE,23,30,19,4.7056
4,I9?AL9ST,A,E,I,alt2,IDEALIST,23,30,24,3.7376
1,MA?N,A,E,I,alt3,MAIN,23,30,28,2.8433
6,G9?DE9INES,A,E,I,alt3,GUIDELINES,23,30,17,4.38
1,JU?CE,A,E,I,alt3,JUICE,23,30,29,2.413
4,M9?DEN,A,E,I,alt3,MAIDEN,23,30,21,2.8376
6,B9?SS9UL,A,E,I,alt3,BLISSFUL,23,30,15,3.6168
2,FL?RT,A,E,I,alt3,FLIRT,23,30,26,2.7857
1,F9?MSY,A,E,I,alt3,FLIMSY,23,30,28,2.6742
7,A9?ABLY,A,E,I,alt3,AMIABLY,23,30,11,4.3373
2,B9?ZZ9RD,A,E,I,alt3,BLIZZARD,23,30,27,2.8663
1,EM?T,A,E,I,alt3,EMIT,23,30,29,2.6961
3,F9?ANCE,N,R,T,alt1,FINANCE,23,30,25,3.1586
1,KI?D,N,R,T,alt1,KIND,23,30,29,2.6108
1,B9?DW9DTH,N,R,T,alt1,BANDWIDTH,23,30,29,2.8043
1,V9?EZ9ELA,N,R,T,alt1,VENEZUELA,23,30,28,2.7401
6,D9?TI9TS,N,R,T,alt1,DENTISTS,23,30,15,4.0183
4,O9?IBUS,N,R,T,alt1,OMNIBUS,23,30,21,3.5034
5,T9?CT9RE,N,R,T,alt1,TINCTURE,23,30,18,3.9231
1,K9?GA9OO,N,R,T,alt1,KANGAROO,23,30,30,2.4069
7,P9?EG9RIC,N,R,T,alt1,PANEGYRIC,23,30,9,4.7178
5,P9?ACEA,N,R,T,alt1,PANACEA,23,30,21,3.7583
6,E9?ORS,N,R,T,alt2,ERRORS,23,30,17,3.9068
1,J9?DAN,N,R,T,alt2,JORDAN,23,30,30,2.5416
1,V9?MONT,N,R,T,alt2,VERMONT,23,30,30,2.489
1,H9?BOR,N,R,T,alt2,HARBOR,23,30,30,2.3918
2,N9?WE9IAN,N,R,T,alt2,NORWEGIAN,23,30,26,3.0451
1,W9?RANT,N,R,T,alt2,WARRANT,23,30,29,2.5636
1,H9?DW9OD,N,R,T,alt2,HARDWOOD,23,30,28,2.7001
3,H9?ED9TY,N,R,T,alt2,HEREDITY,23,30,24,3.2976
1,H9?ALDS,N,R,T,alt2,HERALDS,23,30,29,3.1686
6,L9?ICAL,N,R,T,alt2,LYRICAL,23,30,19,4.7954
6,D9?ER9INE,N,R,T,alt3,DETERMINE,23,30,18,4.1831
5,O9?AIN,N,R,T,alt3,OBTAIN,23,30,20,4.2379
6,L9?ER9RY,N,R,T,alt3,LITERARY,23,30,17,4.2496
2,A9?WORK,N,R,T,alt3,ARTWORK,23,30,26,2.7629
4,O9?IM9ZE,N,R,T,alt3,OPTIMIZE,23,30,23,3.2184
2,M9?IV9TED,N,R,T,alt3,MOTIVATED,23,30,27,2.7907
3,O9?OMAN,N,R,T,alt3,OTTOMAN,23,30,24,3.0326
7,F9?IG9ES,N,R,T,alt3,FATIGUES,23,30,5,5.0087
7,D9?ES9AT9ON,N,R,T,alt3,DETESTATION,23,30,5,5.3183
6,O9?AI9ABLE,N,R,T,alt3,OBTAINABLE,23,30,16,3.9707
1,IR?Q,A,E,I,alt1,IRAQ,24,30,29,2.5538
7,S9?TE9ENTS,A,E,I,alt1,STATEMENTS,24,30,12,4.4378
2,S9?DOWS,A,E,I,alt1,SHADOWS,24,30,27,2.7142
2,P9?CT9TI9NER,A,E,I,alt1,PRACTITIONER,24,30,27,2.9417
5,S9?ME9ESS,A,E,I,alt1,SHAMELESS,24,30,21,4.1033
5,A9?THY,A,E,I,alt1,APATHY,24,30,18,3.487
6,F9?TT9NED,A,E,I,alt1,FLATTENED,24,30,16,4.1606
5,S9?SO9ED,A,E,I,alt1,SEASONED,24,30,18,3.9528
4,S9?ND9NA9IAN,A,E,I,alt1,SCANDINAVIAN,24,30,23,4.0687
5,S9?LK9NG,A,E,I,alt1,STALKING,24,30,18,3.6793
1,Q9?ST9ONS,A,E,I,alt2,QUESTIONS,24,30,30,2.4154
6,C9?AN9NG,A,E,I,alt2,CLEANING,24,30,14,4.1535
7,S9?CI9LI9TS,A,E,I,alt2,SPECIALISTS,24,30,8,4.6492
1,PO?M,A,E,I,alt2,POEM,24,30,30,2.603
5,T9?AT9NG,A,E,I,alt2,TREATING,24,30,19,4.2336
2,E9?CTRO,A,E,I,alt2,ELECTRO,24,30,26,3.1211
2,A9?XA9DRIA,A,E,I,alt2,ALEXANDRIA,24,30,26,2.6891
7,F9?MISH,A,E,I,alt2,FLEMISH,24,30,10,4.1442
4,S9?RILE,A,E,I,alt2,STERILE,24,30,22,3.5727
5,C9?RUB,A,E,I,alt2,CHERUB,24,30,19,3.6852
1,TH?RD,A,E,I,alt3,THIRD,24,30,30,2.6284
4,U9?LI9IES,A,E,I,alt3,UTILITIES,24,30,23,3.454
4,T9?RTY,A,E,I,alt3,THIRTY,24,30,20,2.8018
3,B9?DGES,A,E,I,alt3,BRIDGES,24,30,24,3.4086
3,I9?OTIC,A,E,I,alt3,IDIOTIC,24,30,25,3.5119
1,ID?OM,A,E,I,alt3,IDIOM,24,30,28,2.7321
5,T9?CKEN,A,E,I,alt3,THICKEN,24,30,19,3.9894
4,H9?GH9EN,A,E,I,alt3,HEIGHTEN,24,30,23,3.7694
7,E9?GR9TE,A,E,I,alt3,EMIGRATE,24,30,6,4.145
7,P9?MO9DIAL,A,E,I,alt3,PRIMORDIAL,24,30,12,4.0354
1,FU?D,N,R,T,alt1,FUND,24,30,30,2.7949
3,T9?NE9SEE,N,R,T,alt1,TENNESSEE,24,30,26,3.2102
1,G9?UINE,N,R,T,alt1,GENUINE,24,30,30,2.9384
4,A9?OU9CE,N,R,T,alt1,ANNOUNCE,24,30,21,2.9467
6,S9?DI9ATE,N,R,T,alt1,SYNDICATE,24,30,16,4.2767
1,H9?OL9LU,N,R,T,alt1,HONOLULU,24,30,29,2.7086
6,C9?DI9LY,N,R,T,alt1,CANDIDLY,24,30,14,3.5816
5,M9?IF9CENT,N,R,T,alt1,MUNIFICENT,24,30,22,4.5732
1,RA?T,N,R,T,alt1,RANT,24,30,29,2.8681
1,DE?T,N,R,T,alt1,DENT,24,30,29,2.8967
2,C9?PO9ATE,N,R,T,alt2,CORPORATE,24,30,27,2.9931
1,P9?TF9LIO,N,R,T,alt2,PORTFOLIO,24,30,30,2.6077
4,P9?SU9NT,N,R,T,alt2,PURSUANT,24,30,23,3.5711
3,M9?CH9NTS,N,R,T,alt2,MERCHANTS,24,30,25,3.5503
5,T9?RO9ISTS,N,R,T,alt2,TERRORISTS,24,30,21,4.0511
2,F9?MW9RE,N,R,T,alt2,FIRMWARE,24,30,27,3.2905
1,YA?N,N,R,T,alt2,YARN,24,30,30,2.8133
5,I9?ES9LUTE,N,R,T,alt2,IRRESOLUTE,24,30,19,4.3578
1,F9?EW9RKS,N,R,T,alt2,FIREWORKS,24,30,29,2.8177
5,V9?NA9ULAR,N,R,T,alt2,VERNACULAR,24,30,18,3.9455
2,A9?EMPT,N,R,T,alt3,ATTEMPT,24,30,28,3.0191
1,C9?IZ9NS,N,R,T,alt3,CITIZENS,24,30,28,2.8298
3,K9?RINA,N,R,T,alt3,KATRINA,24,30,25,3.3594
2,B9?TE9FLY,N,R,T,alt3,BUTTERFLY,24,30,27,3.0066
6,A9?EM9TED,N,R,T,alt3,ATTEMPTED,24,30,15,3.9157
7,M9?HI9AL,N,R,T,alt3,MYTHICAL,24,30,13,4.0918
4,M9?HO9OG9CAL,N,R,T,alt3,MYTHOLOGICAL,24,30,23,3.587
5,A9?UA9ITY,N,R,T,alt3,ACTUALITY,24,30,19,3.9229
5,N9?HI9GS,N,R,T,alt3,NOTHINGS,24,30,19,4.2476
2,O9?IM9ST,N,R,T,alt3,OPTIMIST,24,30,28,3.3119
2,IM?GE,A,E,I,alt1,IMAGE,25,27,24,2.4138
4,P9?NN9NG,A,E,I,alt1,PLANNING,25,27,20,3.7065
2,L9?RNED,A,E,I,alt1,LEARNED,25,27,25,3.0207
1,ID?HO,A,E,I,alt1,IDAHO,25,27,25,2.3727
3,G9?RD9AN,A,E,I,alt1,GUARDIAN,25,27,23,3.534
3,H9?VILY,A,E,I,alt1,HEAVILY,25,27,22,3.0702
6,I9?LIC,A,E,I,alt1,ITALIC,25,27,13,3.6451
6,E9?MI9ING,A,E,I,alt1,EXAMINING,25,27,14,4.7268
6,F9?TE9NAL,A,E,I,alt1,FRATERNAL,25,27,14,4.2589
7,U9?LT9RA9LE,A,E,I,alt1,UNALTERABLE,25,27,5,4.293
7,E9?ME9TS,A,E,I,alt2,ELEMENTS,25,27,11,4.3262
5,G9?AT9ST,A,E,I,alt2,GREATEST,25,27,19,4.0597
6,F9?XI9LE,A,E,I,alt2,FLEXIBLE,25,27,15,4.8834
6,W9?REAS,A,E,I,alt2,WHEREAS,25,27,15,4.4039
5,T9?RA9EU9IC,A,E,I,alt2,THERAPEUTIC,25,27,18,3.9376
3,T9?OREM,A,E,I,alt2,THEOREM,25,27,22,3.4264
3,T9?ME9DOUS,A,E,I,alt2,TREMENDOUS,25,27,22,3.2206
4,G9?EN9OUSE,A,E,I,alt2,GREENHOUSE,25,27,20,3.4834
5,L9?WARD,A,E,I,alt2,LEEWARD,25,27,17,4.1866
7,C9?RC9ON,A,E,I,alt2,COERCION,25,27,11,4.0229
1,P9?NC9PLES,A,E,I,alt3,PRINCIPLES,25,27,26,2.6102
2,N9?GH9OR9OOD,A,E,I,alt3,NEIGHBORHOOD,25,27,24,2.7576
5,F9?RLY,A,E,I,alt3,FAIRLY,25,27,18,3.8317
4,U9?LI9AT9ON,A,E,I,alt3,UTILIZATION,25,27,20,3.6441
6,I9?SH9EN,A,E,I,alt3,IRISHMEN,25,27,14,4.2032
6,T9?BU9AR9ES,A,E,I,alt3,TRIBUTARIES,25,27,15,3.9001
1,E9?GMA,A,E,I,alt3,ENIGMA,25,27,27,2.589
4,P9?NC9PA9ITY,A,E,I,alt3,PRINCIPALITY,25,27,21,3.5678
7,C9?EF9ST,A,E,I,alt3,CHIEFEST,25,27,11,4.965
4,S9?MULI,A,E,I,alt3,STIMULI,25,27,20,3.1656
1,RA?K,N,R,T,alt1,RANK,25,27,27,2.8284
1,W9?DE9FUL,N,R,T,alt1,WONDERFUL,25,27,26,2.6193
1,PU?K,N,R,T,alt1,PUNK,25,27,26,2.6898
1,S9?SI9IV9TY,N,R,T,alt1,SENSITIVITY,25,27,26,2.4875
6,C9?BE9RA,N,R,T,alt1,CANBERRA,25,27,13,4.4575
4,B9?ED9CT9ON,N,R,T,alt1,BENEDICTION,25,27,21,3.7171
3,M9?ERVA,N,R,T,alt1,MINERVA,25,27,23,3.0694
4,G9?DOLA,N,R,T,alt1,GONDOLA,25,27,20,3.2032
1,V9?GU9RD,N,R,T,alt1,VANGUARD,25,27,27,2.3774
1,J9?ITOR,N,R,T,alt1,JANITOR,25,27,26,2.5904
4,D9?EC9ORY,N,R,T,alt2,DIRECTORY,25,27,20,3.9397
1,P9?TL9ND,N,R,T,alt2,PORTLAND,25,27,27,2.7966
4,P9?CH9SED,N,R,T,alt2,PURCHASED,25,27,19,3.2369
3,C9?EF9LLY,N,R,T,alt2,CAREFULLY,25,27,22,3.7437
1,C9?PO9AT9ONS,N,R,T,alt2,CORPORATIONS,25,27,26,3.0314
5,C9?CU9AT9ON,N,R,T,alt2,CIRCULATION,25,27,17,3.9416
6,P9?TR9ITS,N,R,T,alt2,PORTRAITS,25,27,12,3.8636
1,A9?PL9NE,N,R,T,alt2,AIRPLANE,25,27,26,2.9622
5,P9?AM9DS,N,R,T,alt2,PYRAMIDS,25,27,17,3.3327
5,B9?TH9LACE,N,R,T,alt2,BIRTHPLACE,25,27,17,4.4589
6,O9?IO9AL,N,R,T,alt3,OPTIONAL,25,27,15,3.9169
3,A9?ER9OON,N,R,T,alt3,AFTERNOON,25,27,23,3.2934
4,S9?IS9IED,N,R,T,alt3,SATISFIED,25,27,21,3.6022
4,O9?ICS,N,R,T,alt3,OPTICS,25,27,21,3.776
5,P9?RI9RCH,N,R,T,alt3,PATRIARCH,25,27,17,3.7017
2,A9?IF9CI9LLY,N,R,T,alt3,ARTIFICIALLY,25,27,25,2.9701
4,D9?ER9IN9TE,N,R,T,alt3,DETERMINATE,25,27,19,3.7816
4,V9?RIOL,N,R,T,alt3,VITRIOL,25,27,19,3.3131
3,U9?RU9TW9RTHY,N,R,T,alt3,UNTRUSTWORTHY,25,27,23,3.0483
3,SA?YR,N,R,T,alt3,SATYR,25,27,23,3.983
4,A9?ZON,A,E,I,alt1,AMAZON,26,30,21,3.3059
6,A9?RDS,A,E,I,alt1,AWARDS,26,30,17,3.9187
1,SO?P,A,E,I,alt1,SOAP,26,30,29,2.7608
3,D9?GN9STIC,A,E,I,alt1,DIAGNOSTIC,26,30,25,2.9367
5,R9?LI9TIC,A,E,I,alt1,REALISTIC,26,30,18,3.9716
1,I9?PP9OP9IATE,A,E,I,alt1,INAPPROPRIATE,26,30,29,3.2852
1,Q9?RTZ,A,E,I,alt1,QUARTZ,26,30,30,2.4298
2,E9?ST9CITY,A,E,I,alt1,ELASTICITY,26,30,27,3.3626
7,C9?MO9OUS,A,E,I,alt1,CLAMOROUS,26,30,12,4.7264
1,CO?X,A,E,I,alt1,COAX,26,30,30,2.8575
1,VI?W,A,E,I,alt2,VIEW,26,30,30,2.4874
2,E9?CT9ICAL,A,E,I,alt2,ELECTRICAL,26,30,26,3.0447
4,C9?VE9AND,A,E,I,alt2,CLEVELAND,26,30,23,3.5383
1,JE?P,A,E,I,alt2,JEEP,26,30,30,2.5168
2,E9?CT9RAL,A,E,I,alt2,ELECTORAL,26,30,27,3.2291
1,S9?PH9RD,A,E,I,alt2,SHEPHERD,26,30,30,2.9658
6,O9?IS9NCE,A,E,I,alt2,OBEISANCE,26,30,18,4.8876
7,E9?CR9BLE,A,E,I,alt2,EXECRABLE,26,30,13,4.9344
3,Q9?ENLY,A,E,I,alt2,QUEENLY,26,30,24,3.0699
4,P9?UM9NIA,A,E,I,alt2,PNEUMONIA,26,30,23,3.7973
1,F9?ENDS,A,E,I,alt3,FRIENDS,26,30,30,2.5738
1,CH?EF,A,E,I,alt3,CHIEF,26,30,30,2.4555
7,P9?MA9ILY,A,E,I,alt3,PRIMARILY,26,30,13,4.0518
7,C9?NICS,A,E,I,alt3,CLINICS,26,30,9,5.0272
3,O9?EN9AL,A,E,I,alt3,ORIENTAL,26,30,24,3.3612
1,Q9?ZZES,A,E,I,alt3,QUIZZES,26,30,30,2.6116
2,G9?LL9TINE,A,E,I,alt3,GUILLOTINE,26,30,27,3.0306
7,A9?TA9ING,A,E,I,alt3,AGITATING,26,30,6,4.8315
4,T9?POLI,A,E,I,alt3,TRIPOLI,26,30,22,3.0959
4,S9?MU9AT9ON,A,E,I,alt3,STIMULATION,26,30,22,4.1059
1,M9?UF9CT9RING,N,R,T,alt1,MANUFACTURING,26,30,30,2.9901
1,F9?TASY,N,R,T,alt1,FANTASY,26,30,30,2.3538
4,M9?NE9PO9IS,N,R,T,alt1,MINNEAPOLIS,26,30,22,3.5752
2,M9?IS9RIES,N,R,T,alt1,MINISTRIES,26,30,27,3.6311
2,R9?TIME,N,R,T,alt1,RUNTIME,26,30,27,3.4577
3,S9?GU9NARY,N,R,T,alt1,SANGUINARY,26,30,25,3.8199
2,T9?AC9OUS,N,R,T,alt1,TENACIOUS,26,30,26,3.0852
2,C9?DL9ST9CK,N,R,T,alt1,CANDLESTICK,26,30,28,3.1109
3,S9?SU9LITY,N,R,T,alt1,SENSUALITY,26,30,24,3.4942
4,N9?SE9SI9AL,N,R,T,alt1,NONSENSICAL,26,30,24,3.8066
2,C9?RENT,N,R,T,alt2,CURRENT,26,30,28,3.4804
5,C9?EER,N,R,T,alt2,CAREER,26,30,19,3.7345
1,C9?BON,N,R,T,alt2,CARBON,26,30,30,2.6785
1,HE?O,N,R,T,alt2,HERO,26,30,30,2.5895
1,T9?MI9AT9ON,N,R,T,alt2,TERMINATION,26,30,30,2.8499
4,P9?CE9AIN,N,R,T,alt2,PORCELAIN,26,30,22,3.879
3,T9?RACE,N,R,T,alt2,TERRACE,26,30,26,3.3269
6,B9?ON9SS,N,R,T,alt2,BARONESS,26,30,17,4.4086
3,H9?BAGE,N,R,T,alt2,HERBAGE,26,30,26,4.1183
3,C9?BIDE,N,R,T,alt2,CARBIDE,26,30,24,3.5847
4,E9?AB9IS9ED,N,R,T,alt3,ESTABLISHED,26,30,24,3.818
3,G9?EWAY,N,R,T,alt3,GATEWAY,26,30,26,3.6976
6,D9?ER9IN9NG,N,R,T,alt3,DETERMINING,26,30,17,4.3713
4,A9?ER9ARDS,N,R,T,alt3,AFTERWARDS,26,30,22,3.8365
3,A9?OU9DING,N,R,T,alt3,ASTOUNDING,26,30,24,3.5635
7,P9?RI9IAN,N,R,T,alt3,PATRICIAN,26,30,12,4.6429
5,W9?HS9OOD,N,R,T,alt3,WITHSTOOD,26,30,22,4.9598
4,L9?HA9GY,N,R,T,alt3,LETHARGY,26,30,23,3.8451
1,R9?TL9SN9KE,N,R,T,alt3,RATTLESNAKE,26,30,28,2.9462
3,L9?HA9GIC,N,R,T,alt3,LETHARGIC,26,30,24,3.3511
4,P9?STIC,A,E,I,alt1,PLASTIC,27,29,21,3.2093
2,H9?LT9CARE,A,E,I,alt1,HEALTHCARE,27,29,25,2.8114
1,PE?RL,A,E,I,alt1,PEARL,27,29,28,2.6324
3,I9?GING,A,E,I,alt1,IMAGING,27,29,24,3.6421
2,F9?NC9ISE,A,E,I,alt1,FRANCHISE,27,29,26,3.1512
2,L9?BLE,A,E,I,alt1,LIABLE,27,29,26,3.4064
4,U9?VA9LA9LE,A,E,I,alt1,UNAVAILABLE,27,29,22,3.5738
6,A9?DE9ICS,A,E,I,alt1,ACADEMICS,27,29,15,3.6094
5,D9?MA9IST,A,E,I,alt1,DRAMATIST,27,29,19,4.1082
5,I9?CT9VE,A,E,I,alt1,INACTIVE,27,29,20,3.8395
3,ON?S,A,E,I,alt2,ONES,27,29,25,3.1554
3,V9?WING,A,E,I,alt2,VIEWING,27,29,25,3.4599
4,Q9?RIES,A,E,I,alt2,QUERIES,27,29,20,2.9684
1,G9?ET9NGS,A,E,I,alt2,GREETINGS,27,29,28,3.0939
5,E9?VA9ION,A,E,I,alt2,ELEVATION,27,29,18,3.585
7,C9?DU9ITY,A,E,I,alt2,CREDULITY,27,29,11,4.7733
3,S9?ALTH,A,E,I,alt2,STEALTH,27,29,25,3.2682
6,P9?DM9NT,A,E,I,alt2,PIEDMONT,27,29,16,4.2806
7,G9?EF9LLY,A,E,I,alt2,GLEEFULLY,27,29,12,4.5186
7,C9?ST9AL9EN,A,E,I,alt2,CRESTFALLEN,27,29,8,4.6516
4,E9?DE9CE,A,E,I,alt3,EVIDENCE,27,29,21,3.2991
1,VO?D,A,E,I,alt3,VOID,27,29,29,2.4788
1,R9?NBOW,A,E,I,alt3,RAINBOW,27,29,29,2.5054
4,A9?GN9ENT,A,E,I,alt3,ALIGNMENT,27,29,20,3.4404
4,G9?TARS,A,E,I,alt3,GUITARS,27,29,20,3.001
5,O9?RIS,A,E,I,alt3,OSIRIS,27,29,17,3.8999
6,B9?TA9NIA,A,E,I,alt3,BRITANNIA,27,29,16,3.791
7,T9?EV9NG,A,E,I,alt3,THIEVING,27,29,12,4.3387
7,S9?FFEN,A,E,I,alt3,STIFFEN,27,29,13,4.2486
5,P9?MER,A,E,I,alt3,PRIMER,27,29,19,3.3187
4,F9?AN9IAL,N,R,T,alt1,FINANCIAL,27,29,22,3.5055
6,O9?ER9HIP,N,R,T,alt1,OWNERSHIP,27,29,17,4.0616
1,HA?G,N,R,T,alt1,HANG,27,29,29,2.8998
1,B9?EF9CIAL,N,R,T,alt1,BENEFICIAL,27,29,28,2.5629
1,M9?IA9URE,N,R,T,alt1,MINIATURE,27,29,27,2.6381
1,L9?GTHY,N,R,T,alt1,LENGTHY,27,29,27,2.7684
7,B9?IG9TED,N,R,T,alt1,BENIGHTED,27,29,10,4.8907
3,V9?DALS,N,R,T,alt1,VANDALS,27,29,24,2.7658
6,A9?UN9IA9ION,N,R,T,alt1,ANNUNCIATION,27,29,18,4.6101
7,M9?OS9LL9BLE,N,R,T,alt1,MONOSYLLABLE,27,29,14,4.7988
1,V9?TUAL,N,R,T,alt2,VIRTUAL,27,29,29,2.3989
1,V9?IETY,N,R,T,alt2,VARIETY,27,29,29,2.4175
3,S9?IPTS,N,R,T,alt2,SCRIPTS,27,29,26,3.9165
7,S9?IN9FI9LD,N,R,T,alt2,SPRINGFIELD,27,29,12,5.0112
6,C9?RE9AT9ON,N,R,T,alt2,CORRELATION,27,29,15,4.7563
1,E9?TH9UAKE,N,R,T,alt2,EARTHQUAKE,27,29,29,2.4456
7,E9?LI9ST,N,R,T,alt2,EARLIEST,27,29,5,4.6157
3,C9?PO9EAL,N,R,T,alt2,CORPOREAL,27,29,24,3.2238
1,B9?GLAR,N,R,T,alt2,BURGLAR,27,29,28,2.4084
4,C9?IC9TURE,N,R,T,alt2,CARICATURE,27,29,19,3.0001
5,S9?EL9ITE,N,R,T,alt3,SATELLITE,27,29,18,4.4715
2,S9?UA9IONS,N,R,T,alt3,SITUATIONS,27,29,26,2.7432
4,A9?EN9ANCE,N,R,T,alt3,ATTENDANCE,27,29,21,4.0588
6,A9?EM9TS,N,R,T,alt3,ATTEMPTS,27,29,15,4.0798
3,P9?RO9EUM,N,R,T,alt3,PETROLEUM,27,29,24,3.0432
7,A9?IV9LY,N,R,T,alt3,ACTIVELY,27,29,12,4.6157
6,D9?ER9INES,N,R,T,alt3,DETERMINES,27,29,14,4.4807
5,M9?AP9OR,N,R,T,alt3,METAPHOR,27,29,19,3.6648
5,O9?EN9IBLE,N,R,T,alt3,OSTENSIBLE,27,29,19,4.0594
6,N9?SH9LL,N,R,T,alt3,NUTSHELL,27,29,16,3.7488
4,A9?IL9BLE,A,E,I,alt1,AVAILABLE,28,30,23,3.703
1,A9?DEMY,A,E,I,alt1,ACADEMY,28,30,28,2.9385
1,CR?ZY,A,E,I,alt1,CRAZY,28,30,30,2.4286
1,Q9?LIFY,A,E,I,alt1,QUALIFY,28,30,29,2.578
1,A9?LY9ICAL,A,E,I,alt1,ANALYTICAL,28,30,29,2.9158
4,P9?ST9CS,A,E,I,alt1,PLASTICS,28,30,21,3.3747
5,F9?TE9NITY,A,E,I,alt1,FRATERNITY,28,30,21,3.9023
1,R9?LISM,A,E,I,alt1,REALISM,28,30,28,2.61
1,B9?CON,A,E,I,alt1,BEACON,28,30,30,3.8503
4,I9?CT9VITY,A,E,I,alt1,INACTIVITY,28,30,23,3.6783
6,A9?RAGE,A,E,I,alt2,AVERAGE,28,30,16,4.5619
7,S9?CIES,A,E,I,alt2,SPECIES,28,30,11,4.2966
4,C9?AR9NCE,A,E,I,alt2,CLEARANCE,28,30,23,3.6478
4,V9?WER,A,E,I,alt2,VIEWER,28,30,22,3.6319
2,V9?NNA,A,E,I,alt2,VIENNA,28,30,27,2.8926
5,C9?AP9ST,A,E,I,alt2,CHEAPEST,28,30,21,4.6189
4,S9?AM9NG,A,E,I,alt2,STEAMING,28,30,23,4.206
2,WR?AK,A,E,I,alt2,WREAK,28,30,27,3.4084
7,S9?ETEN,A,E,I,alt2,SWEETEN,28,30,10,4.987
6,O9?NN9SS,A,E,I,alt2,OPENNESS,28,30,16,4.0866
2,P9?MARY,A,E,I,alt3,PRIMARY,28,30,26,2.9136
1,S9?EN9IFIC,A,E,I,alt3,SCIENTIFIC,28,30,30,2.6651
1,D9?NK9NG,A,E,I,alt3,DRINKING,28,30,28,2.5723
6,I9?TI9TED,A,E,I,alt3,INITIATED,28,30,16,3.766
3,DE?GN,A,E,I,alt3,DEIGN,28,30,25,4.1674
3,O9?GI9ATE,A,E,I,alt3,ORIGINATE,28,30,25,3.6939
6,E9?MI9ATED,A,E,I,alt3,ELIMINATED,28,30,16,3.6224
5,P9?ES9ESS,A,E,I,alt3,PRIESTESS,28,30,19,4.3064
1,W9?NKLE,A,E,I,alt3,WRINKLE,28,30,29,2.8005
7,C9?VA9RIC,A,E,I,alt3,CHIVALRIC,28,30,8,4.7834
1,M9?ITOR,N,R,T,alt1,MONITOR,28,30,30,2.8735
1,M9?UF9CT9RERS,N,R,T,alt1,MANUFACTURERS,28,30,28,2.8806
4,P9?ALTY,N,R,T,alt1,PENALTY,28,30,22,3.5668
1,HU?G,N,R,T,alt1,HUNG,28,30,28,2.8179
1,L9?DS9APES,N,R,T,alt1,LANDSCAPES,28,30,28,2.7545
3,RI?D,N,R,T,alt1,RIND,28,30,27,4.008
3,P9?TH9ON,N,R,T,alt1,PANTHEON,28,30,25,3.7289
5,G9?GE9LY,N,R,T,alt1,GINGERLY,28,30,19,4.5222
1,BA?JO,N,R,T,alt1,BANJO,28,30,30,2.4871
1,K9?DE9GA9TEN,N,R,T,alt1,KINDERGARTEN,28,30,30,2.4171
3,E9?OP9AN,N,R,T,alt2,EUROPEAN,28,30,25,3.4175
1,C9?IS9MAS,N,R,T,alt2,CHRISTMAS,28,30,29,3.4961
1,W9?KS9OPS,N,R,T,alt2,WORKSHOPS,28,30,30,2.6845
1,H9?ALD,N,R,T,alt2,HERALD,28,30,29,3.0728
1,HE?BS,N,R,T,alt2,HERBS,28,30,30,2.4407
3,S9?ATCH,N,R,T,alt2,SCRATCH,28,30,26,3.8974
6,C9?CU9TS,N,R,T,alt2,CIRCUITS,28,30,18,4.4946
1,W9?KS9AT9ON,N,R,T,alt2,WORKSTATION,28,30,29,2.5763
7,P9?TE9TOUS,N,R,T,alt2,PORTENTOUS,28,30,12,4.9225
6,A9?EARS,N,R,T,alt2,ARREARS,28,30,16,3.6678
5,A9?OR9EY,N,R,T,alt3,ATTORNEY,28,30,18,4.1135
6,A9?END,N,R,T,alt3,ATTEND,28,30,18,4.3528
1,W9?HD9AWAL,N,R,T,alt3,WITHDRAWAL,28,30,28,2.8739
2,B9?HR9OMS,N,R,T,alt3,BATHROOMS,28,30,28,3.0052
1,M9?IV9TION,N,R,T,alt3,MOTIVATION,28,30,30,2.6964
4,N9?RI9IO9AL,N,R,T,alt3,NUTRITIONAL,28,30,22,3.5632
1,QA?AR,N,R,T,alt3,QATAR,28,30,28,2.9272
2,M9?HE9LY,N,R,T,alt3,MOTHERLY,28,30,27,3.5471
3,O9?HO9OXY,N,R,T,alt3,ORTHODOXY,28,30,27,3.9618
5,E9?UARY,N,R,T,alt3,ESTUARY,28,30,18,3.9092
5,I9?GES,A,E,I,alt1,IMAGES,29,30,18,3.7307
3,P9?CT9CES,A,E,I,alt1,PRACTICES,29,30,25,3.7339
1,Q9?NTUM,A,E,I,alt1,QUANTUM,29,30,30,2.5545
3,H9?THER,A,E,I,alt1,HEATHER,29,30,26,3.2769
1,EX?MS,A,E,I,alt1,EXAMS,29,30,30,2.5222
5,G9?RDS,A,E,I,alt1,GUARDS,29,30,21,3.8861
2,T9?SP9ON,A,E,I,alt1,TEASPOON,29,30,27,2.5804
7,B9?CED,A,E,I,alt1,BRACED,29,30,13,4.5692
4,B9?HMA,A,E,I,alt1,BRAHMA,29,30,23,4.7178
5,B9?TS9AIN,A,E,I,alt1,BOATSWAIN,29,30,19,4.3948
1,US?RS,A,E,I,alt2,USERS,29,30,29,2.7726
1,A9?NUE,A,E,I,alt2,AVENUE,29,30,28,2.7904
7,S9?DEN,A,E,I,alt2,SWEDEN,29,30,14,4.8272
6,T9?OR9TI9AL,A,E,I,alt2,THEORETICAL,29,30,18,5.4149
4,W9?KE9DS,A,E,I,alt2,WEEKENDS,29,30,22,3.9996
5,E9?CU9IVES,A,E,I,alt2,EXECUTIVES,29,30,20,3.5928
1,U9?XP9CTED,A,E,I,alt2,UNEXPECTED,29,30,30,2.4697
5,E9?MP9ION,A,E,I,alt2,EXEMPTION,29,30,20,3.4903
5,S9?AD9AS9LY,A,E,I,alt2,STEADFASTLY,29,30,22,4.8954
3,W9?CK9GE,A,E,I,alt2,WRECKAGE,29,30,25,3.2461
2,J9?NED,A,E,I,alt3,JOINED,29,30,27,3.3556
5,S9?GH9LY,A,E,I,alt3,SLIGHTLY,29,30,21,4.1488
7,P9?LIP,A,E,I,alt3,PHILIP,29,30,14,5.1586
4,B9?LD9RS,A,E,I,alt3,BUILDERS,29,30,23,3.8222
1,GR?LL,A,E,I,alt3,GRILL,29,30,30,2.4671
5,G9?PP9NG,A,E,I,alt3,GRIPPING,29,30,20,3.7667
4,S9?MU9ANT,A,E,I,alt3,STIMULANT,29,30,23,3.2967
2,WH?FF,A,E,I,alt3,WHIFF,29,30,27,2.7199
4,V9?CE9ESS,A,E,I,alt3,VOICELESS,29,30,22,3.7473
7,B9?GA9IER,A,E,I,alt3,BRIGADIER,29,30,13,4.5164
1,L9?GTH,N,R,T,alt1,LENGTH,29,30,28,2.9509
1,HO?OR,N,R,T,alt1,HONOR,29,30,29,2.4737
4,G9?ER9TI9NS,N,R,T,alt1,GENERATIONS,29,30,23,3.1408
1,L9?GI9UDE,N,R,T,alt1,LONGITUDE,29,30,30,2.8908
6,P9?CT9AL,N,R,T,alt1,PUNCTUAL,29,30,16,5.0026
3,P9?IT9NT9ARY,N,R,T,alt1,PENITENTIARY,29,30,25,3.7969
4,I9?OC9OUS,N,R,T,alt1,INNOCUOUS,29,30,23,3.6579
5,O9?IS9IENT,N,R,T,alt1,OMNISCIENT,29,30,19,4.2218
4,I9?INGS,N,R,T,alt1,INNINGS,29,30,23,3.5808
5,T9?TA9OUNT,N,R,T,alt1,TANTAMOUNT,29,30,20,3.4714
2,A9?OSS,N,R,T,alt2,ACROSS,29,30,26,3.0366
1,J9?SEY,N,R,T,alt2,JERSEY,29,30,29,2.6012
2,G9?DENS,N,R,T,alt2,GARDENS,29,30,26,3.0631
6,C9?RE9TI9NS,N,R,T,alt2,CORRECTIONS,29,30,16,4.2107
4,P9?TR9IT,N,R,T,alt2,PORTRAIT,29,30,23,3.3764
1,C9?AMIC,N,R,T,alt2,CERAMIC,29,30,28,2.8985
4,C9?ON9CLE,N,R,T,alt2,CHRONICLE,29,30,23,3.7764
1,A9?YLIC,N,R,T,alt2,ACRYLIC,29,30,29,2.9402
3,V9?MIN,N,R,T,alt2,VERMIN,29,30,24,3.1404
7,D9?IV9TION,N,R,T,alt2,DERIVATION,29,30,14,5.1651
4,N9?RI9ION,N,R,T,alt3,NUTRITION,29,30,23,3.481
4,ON?O,N,R,T,alt3,ONTO,29,30,24,3.8281
1,C9?IZEN,N,R,T,alt3,CITIZEN,29,30,29,2.6701
1,PA?IO,N,R,T,alt3,PATIO,29,30,29,2.5543
7,A9?IV9TED,N,R,T,alt3,ACTIVATED,29,30,12,4.0804
6,S9?IR9CAL,N,R,T,alt3,SATIRICAL,29,30,17,3.7088
6,P9?ASH,N,R,T,alt3,POTASH,29,30,15,4.8498
1,O9?MEAL,N,R,T,alt3,OATMEAL,29,30,30,2.3799
7,B9?TO9HOLE,N,R,T,alt3,BUTTONHOLE,29,30,13,4.9593
5,C9?AC9YSM,N,R,T,alt3,CATACLYSM,29,30,17,3.4194
1,HE?VY,A,E,I,alt1,HEAVY,30,30,30,2.4818
6,S9?TI9NS,A,E,I,alt1,STATIONS,30,30,15,4.8055
4,A9?TAR,A,E,I,alt1,AVATAR,30,30,22,3.1449
1,A9?LYZE,A,E,I,alt1,ANALYZE,30,30,29,2.6349
4,L9?TH9OME,A,E,I,alt1,LOATHSOME,30,30,22,3.213
6,U9?WA9ES,A,E,I,alt1,UNAWARES,30,30,17,4.4133
7,I9?NI9ATE,A,E,I,alt1,INANIMATE,30,30,10,4.6687
3,I9?RT9CU9ATE,A,E,I,alt1,INARTICULATE,30,30,26,3.7238
3,H9?RT9ELT,A,E,I,alt1,HEARTFELT,30,30,26,3.3267
7,E9?PSE,A,E,I,alt1,ELAPSE,30,30,8,3.8507
1,US?S,A,E,I,alt2,USES,30,30,28,2.8355
1,F9?QU9NCY,A,E,I,alt2,FREQUENCY,30,30,30,2.39
1,E9?ME9TARY,A,E,I,alt2,ELEMENTARY,30,30,30,2.8185
1,YI?LD,A,E,I,alt2,YIELD,30,30,29,2.4794
3,A9?ND9ENTS,A,E,I,alt2,AMENDMENTS,30,30,24,3.1285
1,F9?QU9NT,A,E,I,alt2,FREQUENT,30,30,28,2.6608
7,S9?CI9IES,A,E,I,alt2,SPECIFIES,30,30,9,4.5428
6,G9?ENS,A,E,I,alt2,GREENS,30,30,17,4.221
7,T9?RE9OR,A,E,I,alt2,THEREFOR,30,30,14,4.7822
1,S9?EZE,A,E,I,alt2,SNEEZE,30,30,29,2.5905
5,C9?ENTS,A,E,I,alt3,CLIENTS,30,30,20,4.3067
4,P9?LA9EL9HIA,A,E,I,alt3,PHILADELPHIA,30,30,21,3.2595
5,E9?NB9RGH,A,E,I,alt3,EDINBURGH,30,30,18,3.3896
2,B9?STOL,A,E,I,alt3,BRISTOL,30,30,26,2.7132
4,T9?PLE,A,E,I,alt3,TRIPLE,30,30,22,3.4706
2,N9?GH9ORS,A,E,I,alt3,NEIGHBORS,30,30,26,2.644
4,W9?GH9ED,A,E,I,alt3,WEIGHTED,30,30,23,3.2979
5,P9?ME9AL,A,E,I,alt3,PRIMEVAL,30,30,19,4.1615
2,S9?PW9ECK,A,E,I,alt3,SHIPWRECK,30,30,26,2.6589
7,W9?RR9NG,A,E,I,alt3,WHIRRING,30,30,5,5.1232
5,F9?IS9ED,N,R,T,alt1,FINISHED,30,30,19,4.2218
1,WI?G,N,R,T,alt1,WING,30,30,30,2.382
1,S9?ATOR,N,R,T,alt1,SENATOR,30,30,28,2.899
2,N9?PR9FIT,N,R,T,alt1,NONPROFIT,30,30,26,2.7862
3,M9?GO9IA,N,R,T,alt1,MONGOLIA,30,30,26,3.2115
1,K9?DLE,N,R,T,alt1,KINDLE,30,30,29,2.8847
6,P9?IT9NCE,N,R,T,alt1,PENITENCE,30,30,17,4.5634
1,FA?G,N,R,T,alt1,FANG,30,30,29,2.937
4,W9?NI9EG,N,R,T,alt1,WINNIPEG,30,30,23,3.3709
4,M9?GA9ESE,N,R,T,alt1,MANGANESE,30,30,21,3.3539
1,S9?VICE,N,R,T,alt2,SERVICE,30,30,30,2.6112
1,C9?CUIT,N,R,T,alt2,CIRCUIT,30,30,29,2.6106
1,B9?GAIN,N,R,T,alt2,BARGAIN,30,30,30,2.6281
1,N9?FOLK,N,R,T,alt2,NORFOLK,30,30,29,2.869
1,M9?OCCO,N,R,T,alt2,MOROCCO,30,30,27,2.3855
4,H9?EBY,N,R,T,alt2,HEREBY,30,30,22,3.9898
1,GU?U,N,R,T,alt2,GURU,30,30,30,2.4382
5,T9?RIED,N,R,T,alt2,TARRIED,30,30,20,4.7404
1,W9?SAW,N,R,T,alt2,WARSAW,30,30,29,2.7284
2,R9?ITY,N,R,T,alt2,RARITY,30,30,28,3.7444
2,N9?WO9KS,N,R,T,alt3,NETWORKS,30,30,26,3.1091
2,P9?RICK,N,R,T,alt3,PATRICK,30,30,26,2.7773
6,A9?RA9TIVE,N,R,T,alt3,ATTRACTIVE,30,30,18,4.5851
6,P9?HO9OGY,N,R,T,alt3,PATHOLOGY,30,30,18,4.7366
1,N9?IF9CA9IONS,N,R,T,alt3,NOTIFICATIONS,30,30,29,2.7048
7,M9?ER9ITY,N,R,T,alt3,MATERNITY,30,30,13,4.1633
4,S9?TLED,N,R,T,alt3,SETTLED,30,30,21,3.52
1,B9?TL9FI9LD,N,R,T,alt3,BATTLEFIELD,30,30,29,2.826
7,A9?RESS,N,R,T,alt3,ACTRESS,30,30,7,4.3346
6,A9?ER9NG,N,R,T,alt3,ALTERING,30,30,19,5.3011
1,C9?SS9CAL,A,E,I,alt1,CLASSICAL,31,30,29,2.7912
2,H9?LTHY,A,E,I,alt1,HEALTHY,31,30,26,2.7337
2,IR?QI,A,E,I,alt1,IRAQI,31,30,27,2.7461
4,A9?PTOR,A,E,I,alt1,ADAPTOR,31,30,22,3.5639
6,E9?LU9TI9NS,A,E,I,alt1,EVALUATIONS,31,30,18,4.7287
5,H9?VI9ST,A,E,I,alt1,HEAVIEST,31,30,19,4.4855
3,D9?BO9ICAL,A,E,I,alt1,DIABOLICAL,31,30,24,3.0945
1,G9?MOUR,A,E,I,alt1,GLAMOUR,31,30,30,2.4348
3,A9?ZI9GLY,A,E,I,alt1,AMAZINGLY,31,30,26,3.2048
5,D9?RTH,A,E,I,alt1,DEARTH,31,30,20,3.8732
1,F9?DB9CK,A,E,I,alt2,FEEDBACK,31,30,28,2.5932
3,N9?DED,A,E,I,alt2,NEEDED,31,30,26,3.2054
4,K9?PING,A,E,I,alt2,KEEPING,31,30,23,3.5463
3,E9?NT9ALLY,A,E,I,alt2,EVENTUALLY,31,30,24,3.1433
7,A9?RI9AS,A,E,I,alt2,AMERICAS,31,30,14,4.7738
3,T9?AS9RES,A,E,I,alt2,TREASURES,31,30,25,3.7483
1,Q9?ST9ON9BLE,A,E,I,alt2,QUESTIONABLE,31,30,29,2.7411
5,C9?ANSE,A,E,I,alt2,CLEANSE,31,30,20,3.5131
7,C9?VA9IER,A,E,I,alt2,CHEVALIER,31,30,8,4.619
4,FI?F,A,E,I,alt2,FIEF,31,30,22,4.2686
1,GO?NG,A,E,I,alt3,GOING,31,30,29,2.5172
1,IR?SH,A,E,I,alt3,IRISH,31,30,29,2.3728
1,G9?LTY,A,E,I,alt3,GUILTY,31,30,29,2.8799
1,T9?BUTE,A,E,I,alt3,TRIBUTE,31,30,30,2.5359
5,S9?RI9UA9ITY,A,E,I,alt3,SPIRITUALITY,31,30,18,3.7956
6,T9?NI9AD,A,E,I,alt3,TRINIDAD,31,30,13,3.9716
1,GU?LD,A,E,I,alt3,GUILD,31,30,30,2.6567
1,LA?R,A,E,I,alt3,LAIR,31,30,29,2.5291
7,S9?PU9AT9ON,A,E,I,alt3,STIPULATION,31,30,11,3.7894
4,T9?CKLE,A,E,I,alt3,TRICKLE,31,30,23,3.4152
1,LO?G,N,R,T,alt1,LONG,31,30,30,2.5131
4,C9?DI9ATES,N,R,T,alt1,CANDIDATES,31,30,21,2.9983
1,J9?CT9ON,N,R,T,alt1,JUNCTION,31,30,30,2.6062
1,DE?Y,N,R,T,alt1,DENY,31,30,29,2.6529
1,JU?K,N,R,T,alt1,JUNK,31,30,30,2.5991
2,F9?DA9EN9ALS,N,R,T,alt1,FUNDAMENTALS,31,30,28,2.9924
1,S9?SA9IO9AL,N,R,T,alt1,SENSATIONAL,31,30,30,2.7189
4,H9?DI9ORK,N,R,T,alt1,HANDIWORK,31,30,22,3.6292
1,M9?IP9LA9ION,N,R,T,alt1,MANIPULATION,31,30,28,2.7765
7,B9?IG9ANT,N,R,T,alt1,BENIGNANT,31,30,12,4.9452
6,L9?ICS,N,R,T,alt2,LYRICS,31,30,15,4.3492
7,S9?EAD,N,R,T,alt2,SPREAD,31,30,12,4.7062
2,J9?IS9IC9ION,N,R,T,alt2,JURISDICTION,31,30,27,3.1276
1,TU?BO,N,R,T,alt2,TURBO,31,30,30,2.5514
2,B9?DEN,N,R,T,alt2,BURDEN,31,30,27,3.3994
6,A9?AN9ED,N,R,T,alt2,ARRANGED,31,30,14,4.2679
5,W9?CE9TER,N,R,T,alt2,WORCESTER,31,30,19,3.3404
1,NO?M,N,R,T,alt2,NORM,31,30,29,2.7767
1,T9?MI9OL9GY,N,R,T,alt2,TERMINOLOGY,31,30,29,2.682
5,P9?TM9NT9AU,N,R,T,alt2,PORTMANTEAU,31,30,20,3.8263
5,N9?IVE,N,R,T,alt3,NATIVE,31,30,21,4.0939
2,D9?ER9INED,N,R,T,alt3,DETERMINED,31,30,27,3.2423
6,G9?HE9ED,N,R,T,alt3,GATHERED,31,30,19,4.7493
1,R9?IO9AL,N,R,T,alt3,RATIONAL,31,30,30,2.9517
2,N9?ABLY,N,R,T,alt3,NOTABLY,31,30,28,3.1456
7,A9?ENDS,N,R,T,alt3,ATTENDS,31,30,8,4.5965
5,N9?HI9GN9SS,N,R,T,alt3,NOTHINGNESS,31,30,21,4.0696
6,A9?RO9OMER,N,R,T,alt3,ASTRONOMER,31,30,15,4.7637
1,A9?ISAN,N,R,T,alt3,ARTISAN,31,30,29,3.0753
5,N9?RIC,N,R,T,alt3,NITRIC,31,30,19,4.5183
